DayNum,VehId,Trip,Timestamp(ms),Vehicle Speed[km/h],OAT[Celcius],HV Battery Current[A],HV Battery SOC[%],HV Battery Voltage[V]
1,101,1,0,0.0,22.962634746005914,16.470723957655167,100.0,347.6116211978154
1,101,1,1000,1.2417853825280818,23.89180538083319,-2.6950573925665235,100.00007486270535,348.0824430876265
1,101,1,2000,0.8961246296001202,17.244071418357333,4.9903080409287295,99.99993624303754,347.29498262111855
1,101,1,3000,2.5153459748518516,15.909005582888465,36.87572855831628,99.99891191724426,346.8328232204248
1,101,1,4000,6.322920615871915,19.98312771294524,34.97622640166277,99.99794035539976,350.8259978242756
1,101,1,5000,5.737537179063575,19.149076887375358,5.651534212200579,99.99778336833832,349.57186460454426
1,101,1,6000,5.1521947866906235,17.733859753363625,19.250700981148128,99.99724862664439,350.7588107952102
1,101,1,7000,9.100226825459103,23.481937237283578,47.720703621281295,99.9959230515438,351.38094537224305
1,101,1,8000,11.018813648341375,24.776526042852552,2.945809504790607,99.995841223502,350.53123398634506
1,101,1,9000,9.845127683503994,20.442034431459238,11.60486733429521,99.99551886607604,351.31552635230076
1,101,1,10000,11.201527792468905,27.38765040527631,4.6191397825183556,99.99539055663763,349.86093542751547
1,101,1,11000,10.042983560437749,14.291554429332475,5.463973003827625,99.99523877960975,347.6260132233885
1,101,1,12000,8.878659176512107,19.03170270360141,11.068312825967004,99.9949313264757,352.1156283616416
1,101,1,13000,9.483564855427192,16.415888396985977,-1.6940354152076535,99.99497838301501,348.8217757344377
1,101,1,14000,4.700364243782697,10.6673169146347,-5.562490564408329,99.99513289664179,348.12880740247516
1,101,1,15000,0.388069662500115,19.586596570786504,-2.723961800479967,99.99520856224736,349.6441642483912
1,101,1,16000,0.0,19.39126245808358,5.191894255096583,99.9950643429625,348.174378161407
1,101,1,17000,0.0,27.567248716210656,-2.1410475198273735,99.99512381650472,349.16513923602116
1,101,1,18000,0.7856183314881847,23.154058422773886,-13.767968824808753,99.99550626008319,350.68810784312694
1,101,1,19000,0.0,14.879065878353975,-2.7069531504539923,99.99558145322625,350.6966834784923
1,101,1,20000,0.0,29.27046283167094,28.203995126664918,99.99479800891717,348.20433986714875
1,101,1,21000,3.664121922303885,26.105168477626766,29.358933397954047,99.99398248298945,349.0245892541025
1,101,1,22000,3.099681171087546,22.91048851734308,-0.7659662248832222,99.99400375982903,352.1486660095405
1,101,1,23000,3.268501682807355,18.86757950575084,-0.42288219417633455,99.99401550655665,350.9928002354679
1,101,1,24000,0.0,15.202803816382602,5.769503671278736,99.99385524256579,354.1501300786971
1,101,1,25000,0.0,18.138966119644735,-7.422969093791929,99.99406143615172,352.3602563474831
1,101,1,26000,0.2773064742746652,25.44374309852093,-1.8039506387777138,99.99411154589168,352.28858613711986
1,101,1,27000,0.0,29.422931529673043,5.548915085663586,99.99395740936153,347.2242628990884
1,101,1,28000,0.9392450458641799,27.716217641360945,2.7157161293572614,99.99388197280238,351.5277207032668
1,101,1,29000,0.0,17.55575289106863,-2.549033465954413,99.99395277928755,349.8937863966062
1,101,1,30000,0.0,14.401912833554944,0.2066460702350481,99.99394703911894,348.8980363929235
1,101,1,31000,0.0,20.70443123455602,19.71597060288188,99.99339937326886,350.33603068106504
1,101,1,32000,4.630695461272344,11.157803172185742,37.13686346465623,99.99236779372818,351.89042306922295
1,101,1,33000,4.59695239942751,21.615838570923906,4.566019762486092,99.99224095984589,351.00166318200843
1,101,1,34000,1.9526750770377586,19.261987068506656,-3.9351326327545184,99.99235026908569,348.24305239731586
1,101,1,35000,4.009037357295731,17.66981749065879,2.2994397865958525,99.99228639575828,351.48491782718526
1,101,1,36000,0.9569282323681754,12.026484663666022,3.255391944237093,99.99219596820427,348.72482491584805
1,101,1,37000,1.4790872198800638,22.568000532848583,-0.9732023943487931,99.99222300160412,350.43336623792857
1,101,1,38000,0.0,17.336495801690443,0.8523188549828544,99.99219932608037,349.3932998650457
1,101,1,39000,0.0,14.15041582144856,-1.6751196444342673,99.9922458571816,349.56226749652876
1,101,1,40000,0.4921530896728088,5.638688933591753,18.541620339471862,99.99173081217216,351.532485950081
1,101,1,41000,2.338319539661335,19.862425474746818,20.015984735578535,99.99117481259617,347.9196125603682
1,101,1,42000,2.7667402426362613,28.86125798334872,3.1355960164681154,99.99108771270683,353.8903901485539
1,101,1,43000,2.47761953666566,28.30629607273935,-1.6938465794868476,99.9911347640007,346.357827861411
1,101,1,44000,1.7248602976924383,17.714518717068643,1.9835121703001841,99.99107966644041,348.8046646334903
1,101,1,45000,0.0,16.988939698191096,3.57304895318309,99.9909804150806,350.7404237798835
1,101,1,46000,0.0,22.34387128037512,-10.24970639288739,99.99126512914707,351.16862833287064
1,101,1,47000,0.0,15.008072804058543,24.148186752191222,99.99059434618172,349.7990485588566
1,101,1,48000,2.642805565547289,21.50895949909733,23.958540821788024,99.98992883115889,349.8852185939969
1,101,1,49000,3.5018512894684424,23.830401391923452,3.8783753109353727,99.98982109851137,350.82110017065526
1,101,1,50000,0.0,26.13466611942154,5.986234618226139,99.98965481421642,349.53786104508464
1,101,1,51000,0.8102099234869875,19.499229617600236,-6.453263524408836,99.98983407153655,352.7863625158698
1,101,1,52000,0.0,18.98163124911517,-3.547205012137733,99.9899326050091,351.6786982284632
1,101,1,53000,0.0,15.610087066217194,9.176636535219876,99.98967769843868,351.7456487020113
1,101,1,54000,1.5291907221021697,15.8655982298007,25.36450503558205,99.98897312885437,348.0676865532592
1,101,1,55000,4.106689528342047,18.867605540492367,44.79538253245488,99.98772881267291,349.8412231511886
1,101,1,56000,6.434889826132544,21.83682753408089,0.5318934004177294,99.98771403785624,349.3990681025586
1,101,1,57000,4.336846018075947,24.567923131166246,-0.6093108883963594,99.9877309631587,347.98879724862104
1,101,1,58000,3.563815078447911,15.984105246598276,3.186683522800459,99.98764244417195,350.7203283678915
1,101,1,59000,4.391973656956821,27.46344284479761,18.872887783617465,99.98711819728908,348.9247084844404
1,101,1,60000,6.830836474762719,18.644381994787157,10.054564839660273,99.98683890382131,351.31080765970046
1,101,1,61000,5.632900880149494,19.89316352825782,4.403716746325623,99.98671657835614,347.8596168742113
1,101,1,62000,5.168753438489951,16.263941604260882,0.9200746973324192,99.98669102072566,353.4380812256836
1,101,1,63000,2.40291600347488,7.878798698635292,0.8814284486852384,99.98666653660209,348.2073346828159
1,101,1,64000,0.0,24.42022698180525,-2.646660562241854,99.98674005495104,350.4386046744009
1,101,1,65000,2.031314555985495,23.684219485462165,31.095490644676076,99.98587629132203,351.58371862077615
1,101,1,66000,5.421914627412552,18.593362214408934,26.614581477876236,99.98513699739209,348.85871913959977
1,101,1,67000,5.241889323461717,20.33495358612436,27.567880442045023,99.98437122293537,351.7049372868659
1,101,1,68000,7.750721568191778,22.579696088520496,27.668218294604372,99.98360266131607,347.54163280439917
1,101,1,69000,8.654811630810864,12.187270715567287,6.544471681971816,99.98342087043602,352.90423539836513
1,101,1,70000,7.042012244298053,17.354736613268525,6.984619897733324,99.98322685321664,350.02829852993153
1,101,1,71000,7.945501258069087,23.971323398109135,30.60235113196741,99.98237678790741,348.80717718406225
1,101,1,72000,11.79059267423401,13.728552884153753,48.5854962065684,99.98102719079057,349.40163645514514
1,101,1,73000,11.701027576459131,21.467789660833148,33.40413028256675,99.98009929828272,351.61783853878546
1,101,1,74000,15.612636715994146,13.217090976882975,19.15872342413114,99.97956711152094,348.8310894162991
1,101,1,75000,9.063273955769784,22.332149912167633,0.8664720002649453,99.97954304285426,348.50128462115447
1,101,1,76000,11.118030216707844,19.821792588512583,30.42969924568116,99.97869777343077,349.55692680483253
1,101,1,77000,11.335647887303272,11.924340920472453,11.452321696590662,99.97837965338364,347.6460757744601
1,101,1,78000,10.588129511138604,25.823696772285857,8.059265184831094,99.97815578490628,353.6410878158836
1,101,1,79000,10.81753145247736,16.327042116009753,6.5788879980044195,99.97797303801744,348.86721081757054
1,101,1,80000,5.848609165975128,15.948737814928094,1.681661492615317,99.9779263251982,351.6632335723608
1,101,1,81000,5.299429446381348,21.002845986154714,11.038495996015497,99.97761970030942,350.41894016729555
1,101,1,82000,6.192210875160714,25.743186747143575,35.65565854121751,99.97662926534994,348.0309318990361
1,101,1,83000,9.886945987014505,14.920890905108015,14.121912422099735,99.97623699000488,349.98809058157457
1,101,1,84000,8.591270441330387,20.30839924923986,-1.2902970878698188,99.97627283159065,351.5680055586215
1,101,1,85000,6.5700364340974176,22.144082501652864,2.355789456084972,99.97620739299465,349.6234773298274
1,101,1,86000,5.3156438251360765,23.46552803631572,11.389154920714176,99.97589102758019,352.38622589170205
1,101,1,87000,7.604149119391262,20.882207776386124,25.11901453467113,99.97519327717644,352.0430307855637
1,101,1,88000,8.426026893540474,18.164860804583387,10.307867395738553,99.97490694752656,351.8378297093167
1,101,1,89000,7.101626384122877,15.862048896756402,-6.204696128131685,99.97507930019678,349.080686455454
1,101,1,90000,8.384794966906266,20.430719415231874,15.506604222600393,99.9746485611906,347.840315104437
1,101,1,91000,8.627488840276367,14.639304940071966,16.471170866028924,99.97419102866655,348.7728247892744
1,101,1,92000,11.04910131660859,5.393247582526964,16.74173240986051,99.97372598054406,350.3924818813334
1,101,1,93000,9.293968581915209,22.182799020788337,4.17469071874759,99.97361001691299,351.0915734270647
1,101,1,94000,8.474813215420788,24.519674205430977,6.335456467830985,99.9734340320111,345.6568571904791
1,101,1,95000,7.494542832590394,8.185337822290808,-0.6865720639843598,99.97345310345732,349.9837735967765
1,101,1,96000,3.8357554622600976,14.951346476450311,9.978242867302564,99.97317593004433,350.31617845064636
1,101,1,97000,4.576056154921538,23.095771305025988,17.169838016582553,99.97269899009943,349.44491148736887
1,101,1,98000,5.228694335371261,30.287477348558493,20.15305355813309,99.97213918305614,352.58254767803174
1,101,1,99000,5.241477976977413,20.10396853837704,1.9731527541715028,99.97208437325742,350.84356014850175
1,101,1,100000,4.655010143539546,16.35998529385433,5.226791498245434,99.9719391846047,352.6203838161618
1,101,1,101000,1.1165832884135107,19.0855177944758,-2.9761711957299894,99.9720218560268,349.56807895929956
1,101,1,102000,0.06496998150011324,26.874382095740923,4.310263285853617,99.97190212649109,351.87495498501386
1,101,1,103000,0.0,16.770179104377323,8.247404471619605,99.97167303192244,353.270132789055
1,101,1,104000,0.0,16.00403996674873,5.353052799895931,99.97152433601133,352.62338689854533
1,101,1,105000,0.0,17.58628238908984,3.366759470659799,99.97143081491492,347.81571681314256
1,101,1,106000,1.010127142036346,15.233356958706437,42.07320498420779,99.97026211477647,349.4926478449152
1,101,1,107000,5.725591895062672,20.613351579973976,32.17423604197367,99.96936838599753,349.3096705891004
1,101,1,108000,6.162036427142269,28.123392292347802,13.445195525605817,99.96899490834404,350.97850907015265
1,101,1,109000,6.805912403949179,21.615396365580146,8.834870400950424,99.96874949527735,351.37270711002907
1,101,1,110000,6.619797614533761,18.738232489368563,-6.039182890393939,99.96891725035763,348.3222146519485
1,101,1,111000,1.8228695762861573,18.54094365542228,-4.89748443141874,99.96905329159183,350.1356770278339
1,101,1,112000,1.7565848876631152,12.184045956516716,0.057541187381299874,99.96905169322552,345.96014533568774
1,101,1,113000,1.9071604125156814,24.415548885735795,43.25956484601052,99.96785003864647,352.8838900116038
1,101,1,114000,8.065265693728897,19.61081401493599,37.41026809518992,99.96681086453272,348.9752515186466
1,101,1,115000,7.58436328177609,19.09760043204687,7.63267212015747,99.96659884586272,350.111727879689
1,101,1,116000,8.338231637610122,35.965537839224304,20.0590458883057,99.9660416501436,349.3807005720239
1,101,1,117000,8.251452213347013,21.49376454182843,3.1543804467809102,99.96595402846452,352.29205515002684
1,101,1,118000,5.329757119298183,16.24104474952408,-1.1140789411427234,99.96598497510178,344.32498711720524
1,101,1,119000,8.186814155585735,17.868212018972283,42.23200950157351,99.96481186372674,349.96677931534816
1,101,1,120000,10.06664673730267,25.742228545983775,40.09794538773552,99.96369803191041,349.7883624850046
1,101,1,121000,12.044226604910286,20.56635205268882,3.6043058832224575,99.96359791230255,349.09272722481666
1,101,1,122000,9.770757967923437,12.808610108413166,12.468762780770128,99.96325155778086,353.45245309127125
1,101,1,123000,13.277743745263685,24.59614467287602,9.111286035522001,99.9629984665021,348.2253410822885
1,101,1,124000,9.773116088282983,16.65927957230503,3.0964111454065604,99.9629124550814,351.54359235447134
1,101,1,125000,11.240258822783659,29.366488881087726,53.14037812353138,99.96143633346685,350.7125055774122
1,101,1,126000,16.716397887308606,25.400240328573243,32.888397005737566,99.96052276688336,352.52303850507104
1,101,1,127000,14.240057074481886,17.763390521706246,-2.426751900295521,99.96059017665837,348.665621830445
1,101,1,128000,12.824312750474956,26.405081808675565,13.003667999500824,99.96022896365838,348.5340622017525
1,101,1,129000,13.073441163194058,20.339277552637018,6.900123203243735,99.9600372935694,352.19213981495477
1,101,1,130000,11.81475202790356,24.263868375611096,3.8499102911408793,99.95993035161686,350.8506426166602
1,101,1,131000,7.938093450238229,22.423664086472375,3.52287595401187,99.95983249395147,346.9101253066465
1,101,1,132000,8.109500887253297,15.768216725045633,3.866897218729242,99.95972508013983,348.92138997107344
1,101,1,133000,5.453741602938035,16.78225083841269,-5.92913571575561,99.95988977835415,350.77276530769615
1,101,1,134000,6.6377226795259885,25.149804087905807,10.793552477029174,99.95958995745201,351.6755284430932
1,101,1,135000,4.33916209394148,18.326123339467294,13.32256633998592,99.95921988616479,348.6415386936141
1,101,1,136000,8.21399810648533,17.981757683790015,19.632445689529927,99.95867454045118,344.1714880203661
1,101,1,137000,6.255864875644736,15.224387103253235,7.885681290692582,99.95845549374866,351.0464463714741
1,101,1,138000,5.450711085130547,22.117995327967307,6.151760288860895,99.95828461151841,347.55935862011205
1,101,1,139000,7.484504128554722,30.312624596215727,16.109611559453505,99.95783712230842,345.9653224037552
1,101,1,140000,4.407343337469834,14.662335428728635,1.038559457089139,99.95780827343461,344.33534815003173
1,101,1,141000,4.975993173980158,20.12109728336379,33.364258256241946,99.95688148848305,351.6279617203955
1,101,1,142000,8.243850059686228,27.061102777077146,-6.514212071914363,99.95706243881838,350.2572349008099
1,101,1,143000,4.225141973283159,19.601793043771423,1.6170994854352343,99.95701751938823,349.5486872385755
1,101,1,144000,4.6867266196139195,22.26185898124867,7.046563030552564,99.95682178152627,352.77804872592554
1,101,1,145000,5.336433605234978,14.688032359265602,27.497639242482038,99.95605795821398,351.27464936604616
1,101,1,146000,7.290990784678254,22.141535486038244,5.995716329180137,99.95589141053817,353.23260008544383
1,101,1,147000,4.198614007483049,19.064278674977256,-1.4388224703686059,99.95593137782902,347.214529055666
1,101,1,148000,0.8974724747723579,24.928649978399314,-3.112133083494039,99.95601782597022,349.93089875209205
1,101,1,149000,2.202326388814602,25.936930257823754,14.765305776101272,99.95560767858755,346.766573250104
1,101,1,150000,2.944788071897567,32.94781821009307,16.4940010170648,99.95514951189264,349.54123533628905
1,101,1,151000,3.5710201977622584,22.898165866067878,16.358988642857945,99.95469509554145,349.50276829246667
1,101,1,152000,4.437140721504697,21.628981582910832,0.37253435851511796,99.95468474736482,351.2532272745261
1,101,1,153000,2.7370789175584704,20.97192150788668,-13.166401637828972,99.95505048074365,350.0911277622838
1,101,1,154000,3.317713160460979,18.23416853594656,8.904992312046536,99.95480311984609,351.2468142765598
1,101,1,155000,4.050394343707682,21.692419217308455,-3.1675219323660206,99.95489110656644,351.40688026627777
1,101,1,156000,2.264515798641762,18.522992949304854,12.96586307754373,99.95453094370318,354.3098573547663
1,101,1,157000,6.928952076503653,20.84230488134807,37.89552743145396,99.95347829016342,349.36940668942776
1,101,1,158000,8.113534378783122,26.5879876780398,4.603809548556411,99.95335040656485,348.11795459866727
1,101,1,159000,5.1352756357765,14.967287173601793,11.053010350955287,99.95304337849954,350.49216723063284
1,101,1,160000,6.7766596573610745,25.699392805645225,4.954252198005437,99.95290576038293,348.3954399457209
1,101,1,161000,4.339955481792771,26.58557533669933,-0.8625392001823129,99.95292971980516,352.96392153687304
1,101,1,162000,6.307666991148901,19.409657365044605,39.212524310835185,99.95184048301874,349.43356392210956
1,101,1,163000,9.20415593866741,9.390725504957027,9.807811298880104,99.951568043816,348.868847264252
1,101,1,164000,7.152450142788134,16.960890064527838,2.580546331352851,99.95149636197345,349.05736855769777
1,101,1,165000,9.56089046589894,26.484972732805545,22.90024745047934,99.95086024398871,351.43683484694327
1,101,1,166000,10.592842783240185,19.88565968850559,17.975490672635594,99.95036092480336,349.68450603353705
1,101,1,167000,12.64799318322641,15.003488838525445,51.576689563129115,99.94892823898216,348.71666635973924
1,101,1,168000,17.389975639861277,17.47612539385891,38.15547864889027,99.94786836457524,353.33070383524705
1,101,1,169000,16.7765053498541,24.203100132522763,7.905134324852602,99.94764877751066,348.2876603186765
1,101,1,170000,14.892164938960377,22.7336678410069,5.366247829743395,99.94749971507095,350.071132148066
1,101,1,171000,12.66837886489657,18.80533950415153,1.6054591289643794,99.94745511898404,351.30461230322044
1,101,1,172000,10.628853152482973,18.165877940926563,8.35565753466633,99.94722301738585,346.73732977916586
1,101,1,173000,10.436098878947712,18.04120925478089,3.216595836312802,99.9471336675015,350.96052100281184
1,101,1,174000,11.288978815989323,15.387949077507487,20.251066028369376,99.9465711378896,347.8897846490391
1,101,1,175000,11.98070581431437,28.07687844734721,20.143747818878467,99.94601158933908,351.645565561668
1,101,1,176000,14.048663936904429,18.3883976539433,17.848703366998343,99.94551579202333,348.07469797616204
1,101,1,177000,14.081168666599197,26.085792604127484,25.16735228708275,99.94481669890425,351.3855380636977
1,101,1,178000,17.71500385949249,27.606580259612258,26.990721124473644,99.94406695665079,352.2116661325894
1,101,1,179000,17.0533617763976,24.9915544907398,56.03366563461063,99.94251046593871,351.7228730512656
1,101,1,180000,23.85378469287165,17.841898436409757,72.59247227397897,99.94049400837554,350.50263329647623
1,101,1,181000,25.417953062284166,22.018650451683047,17.60108709128226,99.94000508928967,349.5373981141406
1,101,1,182000,23.27505917124346,19.879021968045418,14.248242315291408,99.93960930478092,348.8471608473303
1,101,1,183000,20.59782792609068,15.48149069634936,4.780564820393494,99.93947651131369,352.9420693816342
1,101,1,184000,21.804008964198644,21.621796408608017,13.744753324304163,99.93909471261023,348.6010095596647
1,101,1,185000,21.24535200088402,14.104801044200988,18.285552025122332,99.93858678060953,347.92586785286
1,101,1,186000,23.030353236114248,25.93839694230782,38.779824031752966,99.93750956327531,351.33073787006566
1,101,1,187000,24.21344729754811,17.676913513508033,13.074320554084728,99.93714638770436,348.407726393627
1,101,1,188000,24.03137501590593,21.005798279364196,16.484175954898518,99.93668849392783,348.09987300506776
1,101,1,189000,21.914390720734918,21.41643935773071,15.421964710911304,99.93626010601919,347.11279147566046
1,101,1,190000,18.127272659020257,18.705475131479613,18.211737338090565,99.93575422442646,349.03418032107896
1,101,1,191000,17.010985278852704,22.933469007376374,13.573098604342253,99.93537719390967,349.834569952207
1,101,1,192000,19.151982264661385,17.62548171688738,31.722541833941165,99.93449601219207,350.4861834553214
1,101,1,193000,19.687216624986895,24.35648648728622,21.25186749518766,99.93390568253943,351.90261248859895
1,101,1,194000,16.572869678206924,13.270101598766257,6.237871745321974,99.93373240832429,351.05379584733157
1,101,1,195000,17.00582199283488,20.63189789773206,10.52386089729762,99.93344007885491,349.61825556089366
1,101,1,196000,17.96911544215697,29.694644995291423,-0.4154924484603342,99.93345162031181,349.60360864724055
1,101,1,197000,15.759471851654137,14.998343376972127,13.731955284160469,99.93307017710947,351.0203149378304
1,101,1,198000,16.143784616517955,16.611275147375743,2.335547941430061,99.93300530077777,352.5451403258571
1,101,1,199000,16.289306412632953,22.569539248294575,6.283057941626863,99.9328307713905,350.2526283989664
1,101,1,200000,13.431880668056396,20.89790890969799,8.902506269223002,99.93258347954969,349.06173829157916
1,101,1,201000,14.326349068927104,21.753150496367795,24.036480807441556,99.93191579952726,348.0142679978289
1,101,1,202000,15.72831038484769,22.445935650738317,38.53019495680845,99.93084551633402,347.1095894711755
1,101,1,203000,18.435938492785883,23.17360734280885,47.42756601168507,99.9295280839448,351.332539344087
1,101,1,204000,21.070443622873142,25.548499209781117,16.92955087800354,99.92905781864263,351.1559570472791
1,101,1,205000,17.626270202980415,22.049093284642563,4.051553197796222,99.92894527549825,351.1547270502133
1,101,1,206000,15.281707603192608,18.793711726907286,4.255878109303647,99.92882705666189,349.7426811072959
1,101,1,207000,16.569295771214257,23.362868506013655,22.2828301405181,99.92820808915799,352.8138694917835
1,101,1,208000,17.85376064849478,29.499409674476077,30.93953447415518,99.92734865764481,349.0317630108304
1,101,1,209000,19.1413798642599,19.33683126808713,89.90218247411859,99.92485137479831,351.9105384744144
1,101,1,210000,28.7732085908967,15.127353476646793,93.44172397099726,99.92225577135467,349.9225142100209
1,101,1,211000,30.200434867629617,25.53540334643486,50.643660609822874,99.92084900300439,348.78329847064134
1,101,1,212000,33.039348968081114,19.398094180232007,46.90668201649546,99.91954603961504,351.1850606146355
1,101,1,213000,35.42435337681412,9.136652269929819,64.70364450370779,99.91774871615661,350.819272237368
1,101,1,214000,37.052831505078615,24.23710838575211,31.978060365709172,99.91686043670201,350.7139455185339
1,101,1,215000,36.26465839347775,17.323359070230385,29.513563763747513,99.91604061548635,350.1625568441124
1,101,1,216000,38.16208144471092,19.547333588479198,27.99003526621076,99.91526311450673,349.92421383656637
1,101,1,217000,36.230018408366995,21.659901652845072,9.831893165794629,99.91499000636324,354.7767439857409
1,101,1,218000,35.63797189151697,20.952498398895333,15.196745264445225,99.91456787455034,352.36851329039234
1,101,1,219000,34.42456302194421,23.5472590856952,13.535764207562343,99.91419188110014,351.445653789971
1,101,1,220000,34.62924837041002,17.822568147150783,62.52849139530826,99.91245497856139,350.22359831640676
1,101,1,221000,40.41589478709379,22.565528990880413,22.724489773344526,99.91182374273434,352.01431440119336
1,101,1,222000,35.74773180561442,18.702266612080415,21.661341649494638,99.91122203879964,351.0359895527829
1,101,1,223000,37.46338228155071,23.694052404437514,25.58437186075892,99.9105113618035,350.0524095055481
1,101,1,224000,33.431592603576576,23.076837420065267,20.191810802208284,99.9099504781701,349.3928713494682
1,101,1,225000,32.25176293910299,15.322806489777022,28.25676733747584,99.90916556796628,349.8381653246746
1,101,1,226000,34.9741394315214,25.42991058087516,32.56906787345883,99.90826087163647,343.65914852824386
1,101,1,227000,35.13483947926006,17.32018277442976,13.333164909003205,99.90789050594455,350.4212016785953
1,101,1,228000,32.440477534436795,24.040288991405724,22.468333293701733,99.90726638557528,349.0230478397793
1,101,1,229000,30.652218261286876,21.836436567006704,19.2228541501701,99.90673241740444,353.18533999656574
1,101,1,230000,32.35121263362357,29.190918383975614,15.980508719924064,99.90628851438444,350.0386881416235
1,101,1,231000,30.525296054330727,18.88267008814074,13.17310029833591,99.90592259493171,347.6220731609301
1,101,1,232000,31.066442528285666,18.253416019409013,9.953321299380892,99.9056461137845,349.90023969174376
1,101,1,233000,31.1803721280452,19.902901970561338,10.235923970600407,99.90536178256309,347.907757829875
1,101,1,234000,29.551371259030656,18.484101085828623,50.24152658117764,99.9039661846025,350.94681483142494
1,101,1,235000,34.91123148234397,23.99970950971025,59.28012801885648,99.90231951437976,350.58189472867895
1,101,1,236000,36.496029038139,11.91844695781706,23.034496350209885,99.90167966725892,351.91567926221654
1,101,1,237000,31.433172571494982,14.73158790426823,24.90456738206818,99.90098787372052,348.41823641661085
1,101,1,238000,31.89930835841855,14.660985392104035,11.610049007037375,99.90066537235921,350.0680161924563
1,101,1,239000,30.244842196497583,24.75153795986788,19.35581496569304,99.9001277108324,347.26995640914674
1,101,1,240000,32.37592553348814,28.553066862909624,21.917689696719624,99.8995188861186,351.4029895638494
1,101,1,241000,30.39462368740639,19.477753907312643,15.259808453239447,99.89909500255045,351.03774236088026
1,101,1,242000,30.107782583739144,19.155891384049948,36.171094721480465,99.8980902499193,350.99161004205513
1,101,1,243000,31.370250781190286,20.350260815565907,31.139741477290563,99.89722525710049,350.0032380627139
1,101,1,244000,33.534638766615586,25.809391513040953,22.06096203272719,99.89661245259958,350.82954578157756
1,101,1,245000,30.533897748976145,15.36323432904713,14.40294018750575,99.89621237092771,353.2086782166172
1,101,1,246000,29.697644659373772,21.191844913673926,18.70842310387026,99.89569269250816,349.429811485916
1,101,1,247000,28.51028138147138,24.87598814891215,16.46167644923192,99.8952354237179,350.27729036742016
1,101,1,248000,26.8769583000371,22.505470849699226,29.08042399272178,99.89442763416255,347.82774740163717
1,101,1,249000,31.290593900739843,20.947908082993717,54.47145862173006,99.89291453808973,348.2634780768033
1,101,1,250000,32.303048178142234,25.005230462835705,6.86201683207968,99.89272392651105,350.1956265861866
1,101,1,251000,29.15083829230462,6.483838535003814,21.109987978811137,99.89213753795609,352.2078670934038
1,101,1,252000,31.44549315994156,23.38937659765454,69.99163168887148,99.89019332596473,349.48743835149685
1,101,1,253000,36.75088365247314,16.72962158436288,76.33647630771213,99.88807286828951,349.52816694137573
1,101,1,254000,39.33204680385101,10.846835515717716,29.947938032833505,99.88724098112193,349.18622951099127
1,101,1,255000,35.533621888965975,22.556012997624904,19.60491014553154,99.88669640028456,348.93048665831134
1,101,1,256000,34.323036706800345,26.86829272581479,31.49010913850911,99.88582167503071,350.58994291141767
1,101,1,257000,37.4903145797669,19.31275742686154,24.048872612963137,99.88515365079147,347.0054847096427
1,101,1,258000,35.72114091571995,24.764372736014693,14.299466639614721,99.88475644338482,352.56187915333345
1,101,1,259000,36.83068948608552,28.061391289943227,45.50272412128298,99.88349247882589,348.66915540374106
1,101,1,260000,38.76727461965886,26.57457226792024,26.565314338359325,99.8827545534276,351.44380697087627
1,101,1,261000,36.449948440713655,28.199822646856965,17.034422038796556,99.88228137503764,347.46000280521224
1,101,1,262000,36.301135050559154,23.71063745535946,18.38058126154595,99.88177080333593,351.33768026109243
1,101,1,263000,28.197966700386473,20.377168194507963,9.575911475224405,99.88150480579495,351.343889215629
1,101,1,264000,25.636997597050748,11.990170940514158,22.41873962983512,99.88088206302746,350.7684041440118
1,101,1,265000,25.005577218567847,18.769687559350256,15.829872727742817,99.88044234434058,348.0111429564004
1,101,1,266000,21.886119263655722,15.783767023419042,27.32671837606997,99.87968326883014,350.49909637919615
1,101,1,267000,25.96714752348481,30.85471358748907,22.103589035062527,99.87906928024583,347.6338876305312
1,101,1,268000,22.39179407858323,19.120570937838316,9.30585754420053,99.87881078420294,349.4944734898076
1,101,1,269000,21.291682861840773,20.61602403392243,11.803071043548249,99.87848292111839,352.0588262019107
1,101,1,270000,21.618534305056002,22.75742688020234,41.333622243104905,99.87733476494498,351.59340385414146
1,101,1,271000,25.221717527721292,20.218012231862268,11.626463942210618,99.87701180761324,350.03036588508087
1,101,1,272000,21.632062149772693,28.475255202153765,6.451225622617844,99.8768326069015,348.0503868481543
1,101,1,273000,24.53997153016009,16.88675319132774,37.04849586064488,99.87580348201648,351.2911754243484
1,101,1,274000,24.565554182709057,20.973037276186215,15.888453904082436,99.8753621360747,350.038762475396
1,101,1,275000,22.111782555089178,16.28764707150976,6.474520774725964,99.8751822882754,345.35936880353916
1,101,1,276000,23.267041240747353,13.399887443896471,35.86711425601347,99.87418597954607,351.565259652633
1,101,1,277000,23.76469047968103,16.941154545473573,17.733338785823534,99.87369338680202,349.9515343322606
1,101,1,278000,22.264148286784042,19.81481601475794,11.803556629630986,99.87336551022898,352.40490249596616
1,101,1,279000,22.43865349925909,17.8534888774137,11.617316061509726,99.87304280700505,347.8094589623144
1,101,1,280000,21.475369507104688,16.53789510063072,13.50797360913188,99.87266758551591,343.646592373608
1,101,1,281000,21.759162870232807,12.968412681640832,24.044613045858252,99.87199967959798,350.5581677166904
1,101,1,282000,23.414489556535422,19.584472136856526,50.88774055371308,99.87058613124927,350.5831273533639
1,101,1,283000,27.3795315968988,12.476398129844988,10.767611801286334,99.87028703092146,346.6186567447871
1,101,1,284000,24.284992849831678,23.80027981844801,32.06675166335789,99.8693962878197,348.0430009082668
1,101,1,285000,29.617576286472342,20.412198764672517,10.14273826598805,99.86911454509008,355.5104354874398
1,101,1,286000,24.737356787666087,12.712242502675348,23.862933043173648,99.86845168583889,349.3887787716924
1,101,1,287000,24.357894050077128,18.453954614750682,18.107029045640218,99.86794871280985,351.46191795275246
1,101,1,288000,25.82868706628857,16.239217972047083,26.94818005091217,99.86720015225288,348.69868034526326
1,101,1,289000,26.53116673562615,21.5958725520959,10.126913837390546,99.86691884909072,345.81939420229367
1,101,1,290000,24.974417936074666,26.70225223011572,11.047014598426951,99.8666119875741,349.6594835064082
1,101,1,291000,24.45411231018148,10.624137651771278,23.183655456997105,99.86596799714474,349.4687908794278
1,101,1,292000,23.2216099735344,20.575130395737087,-0.8282382959081982,99.86599100376407,349.20024352266324
1,101,1,293000,21.74819808117387,19.199336022166797,21.77693534736143,99.8653860888933,349.77071832898724
1,101,1,294000,23.87220332372643,23.356700382252328,34.57444099421327,99.86442568775458,350.5285365432913
1,101,1,295000,24.76474203863905,21.065983141188447,6.3472627800334465,99.86424937489957,349.6997660974924
1,101,1,296000,23.032468050487413,16.240153341305906,9.728044979660641,99.86397915142791,347.47198766410526
1,101,1,297000,25.28146773907054,18.40473032166691,41.975813524844675,99.86281315660777,350.97236958312385
1,101,1,298000,26.04971654126206,16.019870715982556,27.74457456042378,99.86204247398109,346.10125648935514
1,101,1,299000,28.08187183835946,25.38003569299299,33.31742921277237,99.86111698983629,345.8992850854316
1,101,1,300000,29.65594394316849,20.10655824335971,20.51454468340789,99.86054714137286,351.47836098940314
1,101,1,301000,27.58345641586331,29.50595342876504,15.484492589361226,99.86011701657871,351.0140405442707
1,101,1,302000,26.183003815370885,19.696695930926897,11.650356054973798,99.85979339557719,349.88520926985194
1,101,1,303000,28.05123782817904,16.457966165447687,38.67929709938913,99.85871897065776,347.20910299048984
1,101,1,304000,29.577163491762704,12.431428036935865,23.872379315493415,99.85805584901011,348.58417811865183
1,101,1,305000,29.524909506852335,10.984301618720275,26.328744705993586,99.85732449499051,349.474506504627
1,101,1,306000,29.81822796512429,12.079320284972551,53.32150171617182,99.85584334216506,346.8082120628518
1,101,1,307000,33.01239020459535,21.335633255057417,31.077571703223253,99.85498007628442,348.5219426839535
1,101,1,308000,31.533461732505774,22.54362511614967,17.57503617248797,99.85449188083518,351.30466067635336
1,101,1,309000,32.90120518543087,12.094046489839332,37.493367042465756,99.85345039841734,352.85461072857845
1,101,1,310000,32.395723554346134,24.475191570380577,16.196293414114194,99.85300050137806,349.1611304946829
1,101,1,311000,31.85152054627808,17.5846947415828,25.3131891036734,99.8522973572363,351.5129767086322
1,101,1,312000,34.59846267624606,20.733965059927748,52.95273286365989,99.85082644799009,346.1718798588251
1,101,1,313000,36.66200354871613,28.061103141277123,57.214813150319074,99.8492371476248,351.3189024822272
1,101,1,314000,38.69577763871772,24.48419657932766,51.06208515820333,99.84781875637042,348.39210317054506
1,101,1,315000,41.95947465660355,18.657346760470837,42.20163614738548,99.84664648869965,350.61469123341595
1,101,1,316000,42.011984260685445,15.544038872923563,35.29233365640074,99.84566614609808,349.5044951635206
1,101,1,317000,43.716866688922856,9.240922993353475,33.650153725600724,99.84473141960571,352.64082801956766
1,101,1,318000,42.94119979743922,16.4042334037879,16.800394425565436,99.84426474198277,348.25112870332015
1,101,1,319000,43.75161567866032,18.944348805861527,30.853557157301214,99.8434076987284,351.2552125951237
1,101,1,320000,43.42625804274111,15.06410236424408,33.31333263145685,99.84248232837753,349.4409850734069
1,101,1,321000,43.668747955222905,19.343715164538477,34.83157624546763,99.84151478459293,349.6833890439807
1,101,1,322000,45.15664051881519,20.384259414793842,18.05797881072759,99.84101317407041,349.6322922136816
1,101,1,323000,43.11108881073151,18.875720090959607,35.93168956572317,99.84001507158247,348.30865379101175
1,101,1,324000,48.34205699994516,16.7499870958827,44.32149684680342,99.83878391889228,349.97180206818666
1,101,1,325000,45.8270135461959,20.84327335983364,28.432893489679238,99.83799411629533,349.87470355575635
1,101,1,326000,42.79154201422657,22.209703247847045,23.771609739590193,99.83733379380257,350.4824804968135
1,101,1,327000,45.68681919797674,14.54800461278577,68.01795112875216,99.83544440627122,350.16901029138575
1,101,1,328000,47.66597593288408,27.05466189873135,45.46618719039642,99.83418145662705,351.5959890992245
1,101,1,329000,49.22627547551447,19.507059338578692,40.89650926716048,99.83304544248074,351.84701723209474
1,101,1,330000,50.79713924867517,20.094248114724238,40.26848487431907,99.83192687345645,347.8987533563444
1,101,1,331000,50.76652231655789,23.541072116282784,29.952119265206875,99.83109487014353,351.73754500118156
1,101,1,332000,48.52338638784331,21.166080656317508,16.53304426046799,99.83063561891407,347.62732714578027
1,101,1,333000,48.71289778332763,24.765683169566223,32.30564378256723,99.82973823992012,351.1757117762755
1,101,1,334000,47.019993504547344,21.43562082600912,31.553235181494326,99.82886176116507,351.2394775694057
1,101,1,335000,49.45779283809172,16.93781312679781,46.10295214330974,99.82758112360554,346.177366216675
1,101,1,336000,49.09014938433637,21.80751762603051,17.83443594974261,99.82708572260694,350.1859584930588
1,101,1,337000,47.02640639235509,14.281368963396691,20.020898902920422,99.8265295865263,349.06300777327937
1,101,1,338000,46.222941788222606,20.542798528882617,23.955957897751038,99.82586414325137,348.48246948412924
1,101,1,339000,47.25527042391167,19.833850046777695,26.141557346431803,99.82513798888063,352.701704661398
1,101,1,340000,45.84595904190173,18.959415713637302,31.90478363558568,99.82425174489074,348.69264171872516
1,101,1,341000,43.79040805298565,19.357312442805345,25.42559859556848,99.82354547826309,348.3872461417639
1,101,1,342000,44.399626081715425,10.590754772511804,35.36397512567025,99.8225631456207,350.1513898800102
1,101,1,343000,45.01204250948723,17.256375461295193,17.374175216414155,99.82208052964248,351.3711794925968
1,101,1,344000,43.74468457105941,20.464224505705573,28.022345149125456,99.8213021311661,349.71670282797976
1,101,1,345000,42.567088807013604,20.799281959987002,16.460017274753227,99.82084490846403,352.3327410913385
1,101,1,346000,43.14721365040769,14.86162429537021,35.65913951887854,99.81985437681072,351.06195132392816
1,101,1,347000,39.527002796664384,26.328539204323505,18.341578150299647,99.81934488852878,345.64357736053717
1,101,1,348000,36.008343360722996,15.669125758927496,25.95708204345075,99.81862385847201,348.94106607298596
1,101,1,349000,34.2122328075919,24.847286002633684,20.500772854092343,99.81805439255939,348.8763158012966
1,101,1,350000,33.678614928312285,22.135971809358423,17.846351091356293,99.81755866058462,350.95872190685884
1,101,1,351000,34.455883842307294,16.768863450780984,45.64248406458475,99.81629081380505,344.7503658872518
1,101,1,352000,38.144274384681175,28.87655446304756,57.871345030463864,99.81468327644309,355.09801941743547
1,101,1,353000,40.28842344268622,14.0318158412176,41.278810329000514,99.81353664282284,351.0620521897884
1,101,1,354000,39.88857711777766,24.595770868050007,20.330071039977412,99.81297191862728,350.2977536078354
1,101,1,355000,39.841036598020935,25.002911590214893,16.951461258666942,99.81250104470344,352.3631354328383
1,101,1,356000,37.33471318642641,16.646898954616777,17.839199541625046,99.81200551138284,354.6873081056253
1,101,1,357000,37.28843034644544,26.962326500321645,19.037100321818468,99.81147670304057,351.7414932891768
1,101,1,358000,36.56678374914509,18.749767427005235,8.23103948267121,99.81124806305493,351.8976261929432
1,101,1,359000,37.37358014999031,21.443468146399287,20.97763064893865,99.81066535109247,350.26138004892874
1,101,1,360000,35.305502791109504,21.301609193856102,12.754145271970717,99.81031106927935,349.7169484932661
1,101,1,361000,36.603869076712435,19.32845629264726,48.161755634198165,99.80897324273396,349.0484091119902
1,101,1,362000,40.43571635921888,24.05404136579891,36.502989995196856,99.80795927078964,348.3477760165709
1,101,1,363000,40.163815988076735,23.967443602761065,16.19841032487396,99.80750931494728,348.625971800601
1,101,1,364000,41.168095293324086,11.257340133809096,39.315166195030166,99.80641722699743,347.298888071314
1,101,1,365000,42.89345527260187,26.521701214390763,22.917656178448446,99.80578062543691,349.84825709863
1,101,1,366000,41.89040409288728,11.687540059821629,36.853797280891776,99.80475690884577,346.63066484554724
1,101,1,367000,42.45063529741332,25.162731021708286,22.70503181423432,99.8041262135176,350.38183304828743
1,101,1,368000,42.48211629936781,25.633525684137915,24.044192349958557,99.80345831928567,349.92733878391533
1,101,1,369000,42.72630654573989,14.54516784892401,28.0386722464819,99.80267946727882,350.2938705967734
1,101,1,370000,40.793782086101224,17.945928560227077,21.052216974129855,99.80209468347398,348.95573685996004
1,101,1,371000,40.855057521748584,14.47147665757032,34.9339667800347,99.80112429550788,356.153720740361
1,101,1,372000,42.100053249862206,18.925394848556323,48.91282688749894,99.79976560587211,352.72023180036064
1,101,1,373000,45.72791226934981,18.459828579071292,71.96606668649193,99.79776654846415,347.51091499983056
1,101,1,374000,48.12608933456283,23.898302661346698,87.13467517013689,99.79534614082054,350.4657361748538
1,101,1,375000,53.50904547834172,26.55154373059804,42.40086285577112,99.79416833907455,348.7839877141254
1,101,1,376000,51.5906765711216,26.97841905394978,22.497644529612067,99.79354340450428,347.9710405465852
1,101,1,377000,53.771478162923295,17.18915986710849,43.81416380115699,99.79232634439869,347.31985585775215
1,101,1,378000,54.22983317726917,18.95389063127736,63.49266058207013,99.79056265938252,350.8644333815185
1,101,1,379000,59.70434051031335,11.582809038895249,67.63974445739235,99.78868377759203,348.63723952986084
1,101,1,380000,57.68359479692547,15.970649667519055,25.20043638642967,99.78798376547019,351.93565204805043
1,101,1,381000,55.58429019147353,24.824258165487286,38.61742543476978,99.78691105920811,351.98756442906085
1,101,1,382000,54.085808577863475,28.07791411774116,32.99564726064972,99.78599451345087,352.74782877042287
1,101,1,383000,48.77606926708896,13.82825564060039,30.54108574404666,99.78514614995798,348.2952264678518
1,101,1,384000,47.46168171288706,17.037678704235528,28.86577217304219,99.78434432295317,350.95073122138405
1,101,1,385000,45.56385005900281,19.867971215205365,28.31142715128795,99.7835578944212,351.2649084332846
1,101,1,386000,45.939834525193326,21.400805794098034,28.694446528093035,99.78276082646208,349.0516436497921
1,101,1,387000,46.79422446463622,15.95198240039177,57.8216998810153,99.78115466813205,348.45645608521426
1,101,1,388000,51.484651562675936,22.120305222320447,75.20586535663644,99.77906561631659,353.2190413315519
1,101,1,389000,53.86071115814106,17.63080326464542,37.72326159259577,99.77801774793902,350.4549917514641
1,101,1,390000,52.41845201898505,19.927738645608603,26.904528002759612,99.77727039993894,351.27193550142346
1,101,1,391000,50.17241534061416,22.7314212400185,17.201225259352093,99.77679258812618,348.35584797634414
1,101,1,392000,51.402213269380425,20.032111349054688,21.686984414936,99.77619017189244,347.5614310669556
1,101,1,393000,48.10163025182882,17.818070547367157,32.55639453769447,99.77528582759972,348.8611004510158
1,101,1,394000,52.680277166464705,19.451950980370846,78.23436067576363,99.77311265091429,349.75195722522
1,101,1,395000,55.62887746826792,19.558185203973323,50.00812997600979,99.77172353619272,347.8715599863653
1,101,1,396000,54.45593833800616,18.14994485058936,20.29802945700809,99.77115970204115,349.98031038269926
1,101,1,397000,50.17310201527897,18.706019686664487,27.614497216818858,99.77039263267402,346.622989623863
1,101,1,398000,53.557782950692506,27.993235852523583,55.7406467550571,99.76884428137527,347.75990515506027
1,101,1,399000,53.271433337560964,22.804597239706194,57.49429294313134,99.7672472176824,351.34182249655373
1,101,1,400000,56.365974117494616,18.522598409854197,26.1609999428275,99.76652052323954,351.2075810405558
1,101,1,401000,52.3799049705087,23.484772022553678,28.647099748855346,99.76572477046874,349.2162464692263
1,101,1,402000,50.88146741312426,18.33090255121995,28.289535492555366,99.76493895003838,347.96447138184607
1,101,1,403000,50.89457666241972,25.865623187933206,27.331368750832652,99.76417974535086,347.94519289694796
1,101,1,404000,51.012028146831575,21.84821096099047,25.011788067219257,99.76348497346011,349.25346350811736
1,101,1,405000,49.88686446813347,19.463489279978855,30.12303940497416,99.76264822236553,351.2890369832906
1,101,1,406000,51.44398929900221,22.238584629051388,13.060764223402678,99.76228542335932,351.85649138268866
1,101,1,407000,48.774938225545725,12.145619239657503,33.357379875703224,99.76135882947388,349.00693652903607
1,101,1,408000,48.41898951299249,14.366162655450974,29.808461129767295,99.76053081666471,347.69301514803044
1,101,1,409000,48.71972859227223,14.030374968004722,41.12062247824886,99.75938857715143,350.53568727573264
1,101,1,410000,50.005825677419104,20.714715473818533,56.52287854209271,99.75781849719192,348.3529300587483
1,101,1,411000,51.78486287264133,28.66257499742546,22.5177613423679,99.7571930038213,348.9634947222776
1,101,1,412000,48.97325764304665,31.15650073096316,32.471248876198175,99.75629102468585,352.65055218087406
1,101,1,413000,45.137972216207594,23.190255507203787,32.526752619127464,99.75538750377976,351.65423085713155
1,101,1,414000,48.33216427095387,22.504222374722286,47.95700536605578,99.75405536474182,350.3159486245029
1,101,1,415000,49.162949300902845,10.994711329236305,26.197077882922475,99.75332766813396,347.45616199777453
1,101,1,416000,47.291732959511464,17.28663100132989,36.84590323353848,99.75230417082192,350.42279313494134
1,101,1,417000,51.16961289831777,16.061081240458805,58.72644083576813,99.7506728807987,352.125314581575
1,101,1,418000,51.45879948404992,16.89576200874442,49.25056190303955,99.74930480963474,349.2487326684689
1,101,1,419000,54.40704244420949,19.159280907076052,42.3864997897104,99.7481274068628,352.7022281799734
1,101,1,420000,54.57583864773476,17.639547111514364,61.576146061913704,99.74641695836108,352.5854905790364
1,101,1,421000,59.727708459939734,10.103500948121061,111.69434779596547,99.74331433758897,353.32746566428693
1,101,1,422000,64.11606056604775,23.73955128058767,57.824298216008195,99.74170810708297,350.61048625306273
1,101,1,423000,63.49365019485007,14.636284871300967,55.70556045359069,99.7401607304037,351.174783399612
1,101,1,424000,65.92257757223595,21.196234320555746,63.12431236659087,99.7384072772824,352.82837457666216
1,101,1,425000,67.53601744619883,30.370413348749867,69.85335806253619,99.73646690622512,350.89478787413793
1,101,1,426000,70.9575963400297,15.403077042067883,47.80732423546225,99.73513892499635,348.99753178441955
1,101,1,427000,68.54528768857944,7.348562386268352,42.6425856891274,99.7339544087272,349.1029143269443
1,101,1,428000,70.26041633857554,18.569978890599447,72.33890915114671,99.73194499458411,350.47710990754746
1,101,1,429000,72.90647755569951,25.504798174992857,38.67423041430312,99.73087071040594,347.41887715610756
1,101,1,430000,68.50962883964172,29.791737271102967,39.76142920849967,99.72976622626126,349.71348216927163
1,101,1,431000,65.55148255797728,13.852252027737915,42.13016140348713,99.72859594400005,352.1930942364605
1,101,1,432000,60.45340211357703,22.483496116182607,36.95782983780225,99.72756933761566,345.61749229766946
1,101,1,433000,59.77988502746563,17.673447716099734,40.28132453672803,99.72645041193408,353.068964203589
1,101,1,434000,61.57374066695554,19.47025822847932,68.83721264105479,99.7245382671385,352.2447484374063
1,101,1,435000,65.32963329719561,33.221716735085174,81.3959456764538,99.72227726864749,349.08047076833907
1,101,1,436000,65.51487024824505,12.485148358024233,80.11627667410687,99.72005181651765,351.0867816557436
1,101,1,437000,69.58640911217327,21.268698307472867,41.976407344379496,99.71888580520253,350.00629545381264
1,101,1,438000,66.13615546663604,22.338465858827167,26.68655565062634,99.71814451199002,352.45998073687736
1,101,1,439000,61.87769936824815,25.428931624696737,24.497311596806387,99.71746403111233,351.96536628553986
1,101,1,440000,61.73883012100661,20.48991576735448,38.03642563167594,99.71640746373367,347.199858553634
1,101,1,441000,62.698993743354876,21.54025269752051,38.1772886390814,99.7153469834937,351.17452482692835
1,101,1,442000,62.61725687311964,18.041757162891045,28.23801561151824,99.71456259417116,349.5887442927135
1,101,1,443000,57.448651623019956,21.345634706225535,29.429239309570278,99.71374511530145,350.1656651410362
1,101,1,444000,57.22585152423798,18.28403862251295,36.55606040233697,99.71272966917917,348.5436561980604
1,101,1,445000,53.96467777297585,23.107859449280255,30.459351259239416,99.71188357608864,353.4962741382417
1,101,1,446000,55.638859145050944,18.15194831978183,40.10519943568689,99.71076954277098,352.08012363980515
1,101,1,447000,56.55535476029306,21.885501969510933,27.720133244431814,99.70999953906974,348.5204576720541
1,101,1,448000,54.205655294474674,19.853685931575107,23.07799524297453,99.70935848364633,347.3307787861795
1,101,1,449000,52.92098800113294,25.63025125386084,24.521994418523665,99.7086773171347,349.2286547380443
1,101,1,450000,50.27295419641056,19.74303138205757,23.068398770057065,99.70803652827998,350.86900529218264
1,101,1,451000,50.11625645322763,11.134837658965592,45.79686419356391,99.70676439316348,350.48041168789246
1,101,1,452000,52.504112254480724,26.309607503569957,19.97637926737339,99.7062094937394,352.5062656495365
1,101,1,453000,50.039797138641866,15.471338495686904,24.381625161729982,99.70553222637379,351.5798394443617
1,101,1,454000,51.29991342743648,16.7311683067559,22.84691852948169,99.70489758974797,351.93913805150584
1,101,1,455000,49.97426938150538,17.02169352978254,10.33989124074135,99.70461037054685,350.6537108012209
1,101,1,456000,47.99208730084952,26.872190465854086,34.26090377293308,99.70365867877537,347.22140253957804
1,101,1,457000,47.724511400963124,9.321628930106522,35.16732476587791,99.70268180864298,349.6086029377062
1,101,1,458000,45.13640559491469,35.688742668299966,30.686699172832366,99.70182940033263,352.12017947981735
1,101,1,459000,43.75228233154674,25.28028404533026,21.97023641447636,99.70121911598778,349.89695414295073
1,101,1,460000,40.757587600074615,21.1161945706458,27.833842208024876,99.70044595370423,351.0061807372475
1,101,1,461000,45.66940043236559,19.725529996918567,66.03534038454477,99.69861163869355,349.36250336950775
1,101,1,462000,45.757559312294916,21.427770374288286,32.365223130013014,99.69771260471772,347.9403763029163
1,101,1,463000,44.00824554231345,22.605612141896692,22.78759141238935,99.69707961606738,349.7533118719078
1,101,1,464000,44.54319531914901,23.226077929750286,29.154040134726756,99.6962697816192,350.6180948860653
1,101,1,465000,44.26237519492193,22.778022330017244,23.007621492130585,99.6956306810222,348.6886245610771
1,101,1,466000,43.70995119608887,20.447903406276243,21.997686954189113,99.69501963416235,349.52857751028665
1,101,1,467000,45.24536794619743,19.01330789846337,44.37735897013334,99.69378692974651,348.12107351602805
1,101,1,468000,47.13913722131569,19.243633581732443,28.170294597933882,99.69300442156323,352.2384898351282
1,101,1,469000,45.81288435228937,19.025458598236597,20.633703582427465,99.69243126313039,349.41108848482395
1,101,1,470000,44.373338750677675,25.668850484335323,21.093402988163657,99.6918453352696,352.9055110902524
1,101,1,471000,43.68570950779856,22.967783611404307,21.38585696635371,99.69125128368721,353.0574957010818
1,101,1,472000,37.9309065959596,5.298056826678598,22.27327297038299,99.69063258166025,349.8379080705565
1,101,1,473000,34.14292894046322,23.279503882648804,17.332756922719028,99.69015111619018,347.9831025349053
1,101,1,474000,37.56011460907453,20.973680973593876,65.76595525286345,99.68832428409982,345.8282042445333
1,101,1,475000,41.672533892827744,19.90645621777051,41.48611109565104,99.68717189212494,347.0559258539464
1,101,1,476000,41.0499437939368,18.05740773455557,19.788177712555175,99.68662222052181,347.25233035020267
1,101,1,477000,42.49133620157622,25.620563599930065,41.54806386309589,99.68546810763672,352.756939254923
1,101,1,478000,43.269461587935055,24.737632310614288,69.96293641460572,99.68352469273631,350.2316491744539
1,101,1,479000,50.96666360907315,16.135611660881956,104.1411397692083,99.68063188329828,350.779209048184
1,101,1,480000,53.765600887659595,22.035261435622676,51.03082034600879,99.67921436051088,345.55915798212976
1,101,1,481000,53.44580690895768,15.141716327293569,25.21200051956573,99.67851402716312,347.60406714156545
1,101,1,482000,51.05695580745662,13.101909176055347,15.015350957510178,99.67809693408097,351.77415955289257
1,101,1,483000,47.04084000681269,16.866413877050174,21.71386719356989,99.67749377110337,350.57354822476515
1,101,1,484000,47.549499096480744,24.311967361913794,23.453828741796276,99.67684227586054,349.7055894426288
1,101,1,485000,45.65862223326999,24.765625226880434,17.776320016990425,99.6763484891934,351.12968471720023
1,101,1,486000,42.1029879592758,22.565427100486467,18.475402010596685,99.67583528358199,353.27159561227165
1,101,1,487000,40.48655574866948,23.625478934239986,27.894253868651496,99.67506044319676,349.5579150729259
1,101,1,488000,37.78268573963349,22.58089143557479,32.72975700525199,99.67415128327994,350.1387396053161
1,101,1,489000,42.0005398273149,16.792592023885238,60.97434850881582,99.67245755137692,350.3851938374626
1,101,1,490000,44.20463921968853,22.159612723369705,29.282155630492674,99.67164415816497,354.78421927054796
1,101,1,491000,44.184707616396985,24.002047626138413,46.012327941910165,99.67036603794436,345.80128747116197
1,101,1,492000,47.88456796362205,23.771456649067872,49.91167450411512,99.66897960254147,351.3664460295776
1,101,1,493000,48.07798873274109,25.944566857373214,26.51999030318713,99.66824293614415,349.77039550248185
1,101,1,494000,45.92477822942043,23.541519236005318,31.77608117585445,99.6673602672226,351.1335434523684
1,101,1,495000,49.732588422594574,21.757241037707914,63.22299557689677,99.66560407290102,348.68525489201056
1,101,1,496000,51.07986353180622,25.350751191582138,35.21570196620426,99.6646258589575,349.9020699382831
1,101,1,497000,48.48674814599008,19.8673937037547,28.320879185216352,99.66383916786903,351.422821158931
1,101,1,498000,48.010901450781056,15.59062674386141,23.765008188736665,99.66317902875268,356.22582040208766
1,101,1,499000,45.82185581731916,19.18466518028118,21.995175553393107,99.66256805165398,351.6160723788041
1,101,1,500000,42.36485648990832,16.275486775967757,19.399062574054803,99.6620291888047,348.303868803939
1,101,1,501000,44.680300358737426,16.62410862512809,77.47242050554911,99.65987717712399,349.1524806359546
1,101,1,502000,49.45384195991275,19.27740664642241,30.45926115733507,99.65903108653629,349.09317178323226
1,101,1,503000,45.957423025364896,16.037900395000193,23.20482505768236,99.65838650806246,346.40871365474
1,101,1,504000,47.364846117091325,18.4601923518048,23.93841256795109,99.6577215521578,349.33981961659714
1,101,1,505000,45.738239694286754,10.531926665231072,24.43223865970286,99.65704287886169,351.46565816364347
1,101,1,506000,44.52042623487502,21.066468536864694,15.397885378017005,99.6566151598234,347.4515357618464
1,101,1,507000,43.03944142427785,20.006027376811122,23.134593230227264,99.65597253223368,352.0969653021012
1,101,1,508000,40.879464500078306,15.914556844659046,20.134712390762235,99.65541323466726,350.9755496421687
1,101,1,509000,41.00076856994038,23.296228342162024,23.00158663215304,99.65477430170526,348.53153335605793
1,101,1,510000,38.92339327891278,24.68785068813279,16.793695107260557,99.6543078101745,349.7169407253243
1,101,1,511000,39.59953534336238,11.96220067815513,35.67253892245203,99.65331690631554,353.1966436152821
1,101,1,512000,39.47394006973954,16.18637610716893,15.353101128810547,99.65289043128418,351.46709562701176
1,101,1,513000,38.87656995257352,16.15428825106351,27.998486396376222,99.65211269555094,350.0175673097963
1,101,1,514000,36.60766079746952,15.300484494455677,9.565647849593452,99.65184698311067,349.52463336607804
1,101,1,515000,35.16573247104869,24.147374209658743,22.85775640652797,99.65121204543271,350.15321814090333
1,101,1,516000,37.05421053561308,19.030869306135983,42.7151686361712,99.6500255129706,348.97647288411537
1,101,1,517000,38.30650350467403,18.677425793446947,15.175466412632606,99.64960397223692,345.790500988562
1,101,1,518000,35.862615392677654,9.980688177966233,24.063932862772663,99.6489355296574,354.08435582106944
1,101,1,519000,36.11094615625072,23.17709015104613,39.22250095472154,99.64784601574199,350.3106499983988
1,101,1,520000,37.98941396468019,13.803708025732638,9.492735342683725,99.64758232864914,350.79629453024506
1,101,1,521000,33.81590076187676,20.299663151331643,19.421674418392453,99.64704283769306,349.8841845002462
1,101,1,522000,35.1743012428266,21.386884689790957,5.120796519762912,99.6469005933453,348.5297663985508
1,101,1,523000,33.517741845461984,26.803292979193255,11.930546905114952,99.6465691892646,349.62815103810243
1,101,1,524000,34.944238516944885,13.455898004404439,30.7415412995726,99.64571525756183,346.80121047561136
1,101,1,525000,33.03609062558859,4.902439220895873,16.33096217500083,99.64526161972364,354.5541729961066
1,101,1,526000,28.523885373927293,20.919247723768475,8.392542864918784,99.64502849353295,347.5309760031552
1,101,1,527000,24.455029279219385,29.002555907554267,11.237825994686283,99.64471633169977,347.93606743230566
1,101,1,528000,24.57524164587284,26.19473176469719,27.971031825956686,99.64393935859349,349.1194815912272
1,101,1,529000,25.224547900176546,21.048297076373128,3.4538627140581433,99.64384341796254,352.57615144970475
1,101,1,530000,22.963756337415525,17.541819071839765,6.22532861051104,99.6436704921678,350.0290179985253
1,101,1,531000,24.56023748435896,24.035612983186553,19.76727715807761,99.64312140113563,347.5277284079391
1,101,1,532000,20.40643732868656,15.132269001477656,19.491730382031943,99.64257996418057,352.5086767215147
1,101,1,533000,20.24123783206827,22.381788846781095,9.603462794582715,99.64231320132517,351.462001253571
1,101,1,534000,17.21369733266213,22.527350795833133,2.4115851536978523,99.64224621284868,351.0768699144329
1,101,1,535000,15.58410706315673,25.3010495374944,18.27127104062416,99.641738677542,351.4314684823417
1,101,1,536000,15.702603741447765,33.79830019455539,25.823513829469867,99.6410213577134,354.7887238011649
1,101,1,537000,13.551570328237885,21.962079835893835,10.170520102930107,99.64073884326609,354.37018979007223
1,101,1,538000,12.59018146766332,17.455181871462507,13.027128728460784,99.64037697857918,348.6265693139934
1,101,1,539000,15.105913490699422,19.87212843904003,14.762687466355555,99.63996690392734,353.2477699856223
1,101,1,540000,13.663683816891549,11.15462047555441,12.627721523490798,99.63961613388503,350.7663363795178
1,101,1,541000,15.752914097054404,16.52643434455471,9.53071357160509,99.63935139184137,350.9981916322755
1,101,1,542000,12.928646960410358,17.95358780943448,13.71933067086186,99.63897029932274,346.61545833671335
1,101,1,543000,14.253157405198564,17.379558010327038,45.7488861057374,99.6376994969309,349.6592284692236
1,101,1,544000,17.857078956843317,20.76177436016861,3.5416590934978673,99.63760111751164,348.3743528193269
1,101,1,545000,11.677967706525093,15.887900338088997,12.721466103360235,99.63724774345322,351.6561176297866
1,101,1,546000,9.6857295678489,25.605153336622358,6.408525483990227,99.63706972885643,352.14216100080563
1,101,1,547000,11.12840988580025,20.001035324590987,15.493053733610452,99.63663936625272,345.8510272979674
1,101,1,548000,10.620796420692768,19.953498394306926,15.561513745078214,99.63620710198202,349.95593027199146
1,101,1,549000,11.54866110412104,18.36052641743541,0.2164293044927641,99.6362010900569,352.2437230095885
1,101,1,550000,10.038698137331489,20.775953419294897,4.840221175133429,99.63606663946871,349.6266420753731
1,101,1,551000,10.255172606013739,24.125491323338174,2.470313546210794,99.63599801964799,351.4581272900047
1,101,1,552000,9.86597951753354,15.664348921445498,14.66495697686533,99.63559065973196,350.70233093525417
1,101,1,553000,12.78543467168306,16.709417554623716,32.8172898794394,99.63467906834641,350.68332046390526
1,101,1,554000,13.421486779936092,18.481369856116675,29.546712005119595,99.63385832634627,349.4573700438634
1,101,1,555000,14.265493435124098,13.270645382633926,-2.481170405960058,99.63392724774644,347.5668383917286
1,101,1,556000,13.235801019817929,15.903710701392512,6.456497454661613,99.63374790059493,347.75693970514993
1,101,1,557000,12.016785459636695,17.618895632276704,9.211107405192216,99.63349203650034,351.4187050289106
1,101,1,558000,10.935389990087643,24.37194590356364,6.083086003324727,99.63332306188914,350.03891651103777
1,101,1,559000,11.921520346033384,21.312806645009626,5.39511991043799,99.63317319744719,349.72297551078555
1,101,1,560000,10.869059143982726,20.967949556837723,-1.061552245237758,99.63320268500956,349.1522199153553
1,101,1,561000,11.593496286223758,24.25448981083986,48.02275921096985,99.63186871947593,349.3896223090385
1,101,1,562000,16.781998282837357,19.313141058003016,55.76213588962259,99.63031977125678,352.0938235889763
1,101,1,563000,18.95981004141659,21.952324249644448,7.993858496924066,99.63009771963186,349.3295118362639
1,101,1,564000,18.144751210996986,19.48389123533752,30.239614312166168,99.62925773034542,347.3178705733969
1,101,1,565000,21.147786016406847,21.326811746998143,29.13558858558017,99.62844840844026,351.48730355108034
1,101,1,566000,20.127597583852967,17.08620671194209,10.322103676181882,99.62816168333815,349.59024667227055
1,101,1,567000,15.032286245908333,7.805914208617855,10.393819876779215,99.62787296611936,350.06279173106554
1,101,1,568000,12.512070468614823,19.32860418906848,11.627625297885219,99.62754997652775,353.21515661279903
1,101,1,569000,7.835090666050184,27.113740680499703,5.039243616915505,99.6274099975384,349.958878885299
1,101,1,570000,6.956306955946912,24.631077011207964,7.998241251780028,99.62718782417029,350.5783673462374
1,101,1,571000,7.002352903920792,24.826987422955852,31.438343424411187,99.62631453685295,347.64215301740336
1,101,1,572000,11.193446184608998,26.18065360903109,46.93727869558127,99.62501072355585,349.5606610952981
1,101,1,573000,12.010764619019405,20.443287954807186,9.481304775202613,99.62474735397876,351.2190520904172
1,101,1,574000,11.463013296997245,20.986578537027977,17.29734019247634,99.62426687230675,346.8892525323175
1,101,1,575000,13.536527249955967,16.91174052282825,0.4179581814178235,99.62425526235727,350.4016901862314
1,101,1,576000,8.008688977436254,18.41963571986475,5.43912376022667,99.62410417558615,350.2015821452896
1,101,1,577000,8.597725372707668,23.07885574885571,17.612694904359564,99.62361493406104,350.0825749111749
1,101,1,578000,10.524888357425084,26.019422185844082,2.0710305460700713,99.62355740543475,352.0743177973165
1,101,1,579000,6.82842274297548,19.302768621595003,-0.6626667700928657,99.62357581284503,350.66887702969706
1,101,1,580000,9.687807850992803,17.749053675742942,25.246244035120824,99.6228745282885,352.95614379671287
1,101,1,581000,10.534048869728839,20.002639794282988,15.890881449949227,99.6224331149149,348.0128209688119
1,101,1,582000,9.495829084976835,23.006033744645574,15.180546522664523,99.62201143306704,350.2718491344367
1,101,1,583000,11.077783750242547,12.78072591933229,78.6579320111503,99.61982649051117,350.1689335727799
1,101,1,584000,16.75451589475354,8.51909523431381,53.81032093749563,99.61833175937402,347.86149101248986
1,101,1,585000,17.209181532399775,17.247315752542082,16.42764495601182,99.61787543590302,351.9125900041827
1,101,1,586000,17.829732998150615,13.896437870429207,2.9367940476657943,99.61779385829058,354.64934661170565
1,101,1,587000,16.681330749300002,17.459299011763445,4.862190988664681,99.61765879742978,349.9659878510323
1,101,1,588000,14.556719825638023,19.26109840591264,2.6877249957361373,99.61758413840212,351.01004217654753
1,101,1,589000,16.63255936699864,17.733757954884933,14.514199715707127,99.6171809661878,350.16903695163063
1,101,1,590000,14.492349802226471,27.262337672353727,5.265026510604436,99.6170347154514,348.5728306601857
1,101,1,591000,14.671265395274952,21.6337238230116,12.677529366107558,99.6166825618579,346.358479444396
1,101,1,592000,13.47712177836216,21.502371798054142,9.782123305548593,99.61641083621052,348.5884530338093
1,101,1,593000,14.674571342728141,23.11103572021701,32.96384629010573,99.61549517381357,347.21608323809653
1,101,1,594000,15.508726605945512,14.305834411096154,28.995279990246623,99.6146897493694,353.40820415611825
1,101,1,595000,18.10257646659026,25.195558937101342,24.50584931770053,99.6140090313328,349.7697806121535
1,101,1,596000,16.827535469453395,19.6211785673227,14.145972086730335,99.61361608766373,349.30816134190565
1,101,1,597000,16.152848131219965,23.352403086206063,3.20952987547481,99.61352693405608,351.7783076495756
1,101,1,598000,13.705938841764198,14.640713834799222,14.266363323897476,99.61313064618598,347.75649779428824
1,101,1,599000,12.595205691573918,12.231206169919679,9.573993193101723,99.61286470193062,348.4662719239909
1,101,1,600000,13.538456924186049,24.089448290125144,25.324366427780923,99.61216124730763,350.13614453849726
1,101,1,601000,15.430928465799429,21.882047630487584,3.5957867980397165,99.61206136434102,352.05753798284695
1,101,1,602000,13.125515155355366,15.489742228212448,2.9672103204317533,99.61197894183212,351.00337009033757
1,101,1,603000,15.299529955619516,15.651684593626527,56.53152995171527,99.61040862155568,350.49665028503176
1,101,1,604000,18.688624602631894,25.627173922073847,40.06079518132302,99.60929582168953,350.15623547047204
1,101,1,605000,19.722211860691147,14.05294053566336,64.23924703772359,99.6075113981607,350.80047171105355
1,101,1,606000,24.414201392086312,28.213364766279817,27.40202416017924,99.60675023082291,350.40330581025853
1,101,1,607000,22.47972839432738,15.496896326760655,7.3405994660554965,99.60654632528218,347.94005545044615
1,101,1,608000,19.368091636048838,23.191959628041914,15.09396986427413,99.6061270483415,350.0921584432663
1,101,1,609000,14.921291013788142,18.356907621255075,0.7127644491364098,99.60610724932903,347.8526226821645
1,101,1,610000,18.6614017925111,23.015937155411716,44.58813844289657,99.60486868992784,350.16216508580163
1,101,1,611000,20.297315933396245,17.279429989429037,20.714298241566265,99.60429329275446,349.03870411702354
1,101,1,612000,20.158354256120106,19.18603546963853,14.531594918672884,99.60388963734006,355.0787632455657
1,101,1,613000,20.858275821919655,20.204595876978605,9.533671485879045,99.60362481313211,349.92021123249657
1,101,1,614000,18.044553203673715,14.989062721092637,40.70712836541416,99.60249405956641,347.1915208674768
1,101,1,615000,24.158933152715782,23.704121727100627,60.248140521975685,99.60082050010746,349.73163957864614
1,101,1,616000,24.481986107653853,17.433932167642073,20.056819263417346,99.60026336623903,351.0387174912758
1,101,1,617000,24.755473094166085,18.857000423299908,21.9480476860978,99.59965369824775,353.34672789230507
1,101,1,618000,26.569889653912814,15.028253126957438,32.81513905320487,99.59874216660738,348.82109520012256
1,101,1,619000,27.772412733254598,7.1883317060234475,38.517300978211146,99.59767224158021,346.83514405195274
1,101,1,620000,28.332122793952426,19.044861186999157,18.639297334845573,99.5971544833209,351.63367402286195
1,101,1,621000,26.355936655339146,32.063077108064576,16.313671070264252,99.59670132579117,347.2388025882007
1,101,1,622000,27.534607548179135,23.92302143949012,56.3839542065976,99.59513510484099,349.12768911698504
1,101,1,623000,32.23966878936672,19.903698101328025,62.26073145735813,99.59340564007829,349.48475902897803
1,101,1,624000,35.603218904754165,18.68554585395866,69.05376092091461,99.5914874800527,349.8607330933998
1,101,1,625000,39.58618547135266,20.11232946406023,48.06614570496542,99.59015230933868,351.37832891414865
1,101,1,626000,38.30814628027469,22.73559557587605,14.414609553792413,99.58975190351774,348.6327314354272
1,101,1,627000,35.83413422962824,14.095935923455777,16.49454226482745,99.58929372178815,349.4525414956665
1,101,1,628000,35.51966692937912,25.571608473344362,21.579982372553857,99.58869427783335,349.97145929410124
1,101,1,629000,35.65897921010086,23.57690657720622,30.079308951912665,99.58785874147358,350.29919591503756
1,101,1,630000,38.39445800627823,23.59092862853967,16.03345385371392,99.58741336775542,350.19565434941586
1,101,1,631000,34.16329643199118,22.192378694048635,20.063853903904352,99.5868560384803,350.87201155044517
1,101,1,632000,37.98717223064271,20.09808328846995,39.63365723940254,99.58575510355699,351.68767901928345
1,101,1,633000,37.59215248419524,23.3643061798341,17.616226306042762,99.58526576393739,350.7852682313019
1,101,1,634000,36.52494980932669,22.95907066870689,21.98340345623852,99.58465511384138,350.90717104701844
1,101,1,635000,33.99468887117627,18.22979644529488,19.105074853270942,99.58412441731768,346.83555366650705
1,101,1,636000,29.85754719151185,17.131991135515495,16.262865577232933,99.58367267105164,350.10045539833135
1,101,1,637000,31.915473651416633,20.509281476309933,29.826162775717815,99.5828441665301,350.9590150960032
1,101,1,638000,32.098768569387644,27.74510075747594,17.8996898610386,99.58234695292285,351.4578823891409
1,101,1,639000,28.87386632003501,13.804464621730496,16.581923711422466,99.58188634393086,348.6152984515324
1,101,1,640000,25.63616938987597,12.6623736712378,18.12853529348029,99.58138277350604,348.6819214502227
1,101,1,641000,24.79670764165065,20.823804206182583,33.060166368833755,99.58046443555135,348.8517986494328
1,101,1,642000,28.96926145487413,20.25443850928009,38.04105970841761,99.57940773944834,351.0728277997827
1,101,1,643000,28.320283076465117,20.86670832185204,9.210352575472488,99.57915189632125,352.06776210984845
1,101,1,644000,24.56242569366985,21.219765989542502,12.106174796803746,99.57881561368801,349.1850797854168
1,101,1,645000,23.94806803345499,18.883988726825976,7.919029698583271,99.57859564064083,351.8159246272541
1,101,1,646000,23.266259109085816,27.449317193010412,6.0628973037329414,99.57842722682683,350.2469596183292
1,101,1,647000,16.524042501731888,11.995480107617421,11.46639238817146,99.57810871592716,349.7514284456751
1,101,1,648000,16.38830533543736,15.857514876098769,9.25785154700698,99.57785155338418,349.57723154036404
1,101,1,649000,15.810969009915663,19.483726199254765,19.89748919714411,99.57729884535092,351.4932227292043
1,101,1,650000,17.55148492194921,11.784055944229163,60.96835544735984,99.57560527992183,350.65115563357415
1,101,1,651000,22.173875159312573,19.120727977839643,64.78555466962308,99.57380568118101,354.5516508552953
1,101,1,652000,24.990287733181965,28.30735082864009,30.139345946586502,99.57296847712695,348.29555071400534
1,101,1,653000,24.31806600679489,20.10443244147981,14.382902042555418,99.57256895207021,351.03620340405996
1,101,1,654000,21.551751234940713,21.153504528593416,32.113473427560166,99.57167691114167,348.94159798037697
1,101,1,655000,27.985150743065365,13.699176174137099,72.53265128247361,99.5696621152727,348.2614260260227
1,101,1,656000,28.133196828101585,16.918192959802614,17.15722569167539,99.56918552567016,349.97826572593004
1,101,1,657000,28.16802005788395,18.124018098380315,14.119902363481685,99.56879330616007,350.2747049588141
1,101,1,658000,28.10770734010894,18.41142451621883,6.641598601425644,99.56860881731004,355.8363471101202
1,101,1,659000,28.60291924202858,26.408218975018844,16.036622130532958,99.56816335558419,349.6317083686336
1,101,1,660000,28.242018212218724,22.78845530362562,25.183664303095572,99.56746380935355,347.7396425410306
1,101,1,661000,26.807863195018133,14.44271021531484,13.924482304468983,99.56707701817844,350.54602143498875
1,101,1,662000,25.440715841917154,21.232523892160025,9.079972431681972,99.566824796722,345.85071992490725
1,101,1,663000,25.358832666377157,22.491108742483924,14.54615913174557,99.56642073674612,349.8160864347915
1,101,1,664000,24.000270738542746,25.700745192606334,13.562026421604232,99.56604401378996,350.0320505645903
1,101,1,665000,22.218156281849836,27.902703432841868,17.072753968006992,99.56556977062418,351.58920076589044
1,101,1,666000,22.484231851079578,14.924529040860657,5.943330175194419,99.56540467811931,351.9472444988557
1,101,1,667000,21.84678880752744,15.94571244394831,36.2645972493094,99.56439732819571,348.9928607621846
1,101,1,668000,25.606771278984162,13.71211070542692,18.906595134899277,99.56387214499752,349.69877197074015
1,101,1,669000,18.979346758001633,18.829900704465093,8.778940694298086,99.56362828553378,348.46775833877865
1,101,1,670000,21.708113887807787,22.331791872231673,53.13068874913893,99.56215243306853,347.74387489038463
1,101,1,671000,24.82332686905186,24.93667258294551,17.558950842517717,99.56166468443402,350.6197895587613
1,101,1,672000,19.639851288031487,19.620244881787386,14.181502544157995,99.56127075380779,347.4528289028068
1,101,1,673000,18.783132302830616,18.40076238372578,3.676469591046665,99.56116862965249,349.17074619885625
1,101,1,674000,17.854530137841138,20.758789961243703,13.02805600269799,99.56080673920796,348.00965208020153
1,101,1,675000,14.335750901046584,15.824285491849885,6.8444324253607,99.56061661608504,351.0993663725805
1,101,1,676000,12.391209182069396,30.447693608473866,16.559975081112274,99.56015661677723,353.602860198533
1,101,1,677000,9.614769568404824,11.961694864409706,19.576681144507116,99.55961282007878,347.3968240343933
1,101,1,678000,13.995445676963882,20.923702894478623,52.912286307183074,99.55814303434803,346.29396303420486
1,101,1,679000,16.334641659832535,30.118031096148197,62.4458841512436,99.55640842645495,349.75022622929987
1,101,1,680000,19.51352939731793,20.033999222799988,43.94281307714545,99.55518779275836,350.0313955919155
1,101,1,681000,21.31770955742602,19.049804824992528,5.061124136797167,99.55504720597678,350.4373186135146
1,101,1,682000,18.49508012938295,18.212772885947864,7.27989078484283,99.55484498678831,349.10735896953133
1,101,1,683000,17.183779463683514,19.09804159118796,9.485363315894135,99.55458150447399,349.59872140234916
1,101,1,684000,18.407215866753308,26.864242373382652,15.349681854861906,99.55415512442246,350.7350208210812
1,101,1,685000,15.351896344523444,8.940690443352466,12.829705916407068,99.55379874370256,352.0808617852897
1,101,1,686000,17.134392419954416,27.667168506481627,12.520648844267237,99.55345094790133,346.08990245936343
1,101,1,687000,16.53357892455908,12.880214237749275,24.831286854808795,99.55276118993314,349.26212112193707
1,101,1,688000,15.596526905685087,18.666738353827927,14.957889324640332,99.55234569300745,350.42761758788214
1,101,1,689000,17.373926826193816,17.853777898506692,35.11987681992413,99.55137014087357,348.1640477907785
1,101,1,690000,18.484585104908916,22.9427663488536,9.929851385730808,99.55109431166841,353.4623392635346
1,101,1,691000,17.582169690361216,12.009378240581263,30.382033064640424,99.5502503663055,348.72918023954253
1,101,1,692000,20.480494198771837,22.310863330409713,15.79638260399791,99.54981157789985,349.91741462598543
1,101,1,693000,17.77783587977209,30.121548116434262,24.979891498657324,99.54911769202488,351.1120441936846
1,101,1,694000,19.31767489713275,13.184129977035948,43.12308278956249,99.54791982861406,348.8174304223962
1,101,1,695000,20.80042804205371,20.94853083805198,19.684025734141624,99.54737305012144,346.3068539043912
1,101,1,696000,20.026561943768733,16.690089111016956,8.725808825082702,99.54713066654296,349.1426909461669
1,101,1,697000,20.84189449937403,22.12943603096518,7.562217039906708,99.54692060495852,352.0588811118541
1,101,1,698000,17.71411055841077,20.09573888707876,10.520092830826373,99.54662838015766,349.3262097464297
1,101,1,699000,20.02417810642802,16.79256545477845,27.5097586295706,99.54586422019572,348.30713139708206
1,101,1,700000,19.56192276532055,22.43936142435537,8.667357878777239,99.54562346025465,351.85134441900544
1,101,1,701000,18.25511521402295,29.021740548933714,23.590330722351627,99.54496817329013,349.3384502079539
1,101,1,702000,20.877638278615173,19.045481041363505,23.685679521150448,99.54431023774788,348.97967837269954
1,101,1,703000,19.116779052258273,23.59878971074091,4.976784930762038,99.54417199372203,350.29891217932663
1,101,1,704000,15.595625811349375,13.533635210644182,4.3358512640319455,99.54405155340915,351.5415004192376
1,101,1,705000,11.704052877539617,15.217818115909957,5.150151144243126,99.54390849365514,354.7634270634651
1,101,1,706000,13.219077755903715,22.362031389401885,8.14760221889784,99.54368217137127,351.65447221531485
1,101,1,707000,10.018004374663008,27.420580142679825,10.621667630442106,99.5433871250482,352.3196799327767
1,101,1,708000,14.404989829623918,21.7780667439283,13.96350830914768,99.54299924981738,348.9880676020243
1,101,1,709000,9.200166309914614,18.434709847384227,6.7204174625495625,99.54281257155453,347.94826378806107
1,101,1,710000,13.44130723063971,19.99645702711677,40.03375405604884,99.54170052283075,350.12466269923823
1,101,1,711000,13.968850898646256,13.747961330151412,2.147194132064624,99.5416408785493,350.2143398305192
1,101,1,712000,13.727068118970275,23.022576631776833,0.2844549773476013,99.54163297702215,347.8429745172708
1,101,1,713000,12.3647704019479,24.411665311617046,7.587431452382981,99.54142221503736,349.64941094019196
1,101,1,714000,13.362610687828077,17.7395483358346,2.294393392431914,99.54135848188757,350.79863520343827
1,101,1,715000,13.268523931765957,17.649789261202493,30.19861532645878,99.54051963146183,350.7207867900362
1,101,1,716000,16.02677863680726,21.329391148260243,28.360285559711507,99.53973184575185,351.00857570676857
1,101,1,717000,16.312347758462362,17.816401319797023,28.964163208522855,99.53892728566272,350.58192946027486
1,101,1,718000,16.688102162117055,19.669336926870887,19.88363233413908,99.53837496254233,348.9859826814599
1,101,1,719000,15.779071631582415,30.49860894583258,16.982290469553625,99.53790323225151,348.9721987467023
1,101,1,720000,15.636707572279747,18.76487149627002,11.641810182701917,99.53757984863532,347.60209720401224
1,101,1,721000,16.406211994509896,18.20829923989389,13.181013567265097,99.53721370936957,353.5695500783702
1,101,1,722000,12.130791012868333,16.762290971824203,14.581258556024355,99.53680867440968,350.0269007292386
1,101,1,723000,8.760327457604049,23.720959857499682,-3.809981558378059,99.53691450723075,349.5502938884103
1,101,1,724000,10.618487692660837,19.093879133909486,12.247670897172556,99.53657429415027,348.1424158370951
1,101,1,725000,11.045651287980691,16.753134808392872,2.4126516162184384,99.53650727604982,355.8713158046556
1,101,1,726000,10.585692947098993,26.60652016136506,8.206534389418819,99.53627931676122,347.8533439355542
1,101,1,727000,10.631777779762476,27.098015022568184,14.154695009555756,99.53588613078874,349.14230414878784
1,101,1,728000,11.500732043166654,16.997882171306475,11.099223296502577,99.53557781903051,350.8316736725721
1,101,1,729000,10.15133284239325,10.66730024319692,-1.1073854647558992,99.53560857973787,351.20042593148855
1,101,1,730000,8.20557102888747,25.03756844918461,-7.477933800400649,99.53581630012121,351.91586411043136
1,101,1,731000,8.695184166631673,16.57685087119998,8.637663059826563,99.53557636503622,353.6152170155385
1,101,1,732000,6.249252222594093,23.953127995813844,-1.0163552535291265,99.53560459712659,351.01231531092145
1,101,1,733000,7.269884111880272,10.149480911440822,-7.748996719203663,99.53581984703546,347.8879384000667
1,101,1,734000,3.013425101285671,24.462986691496546,2.2320312804397435,99.53575784616656,349.48610974975645
1,101,1,735000,5.5863141945997805,13.944140353596094,39.397365973961236,99.53466347488951,350.61566474502774
1,101,1,736000,6.767807900632388,23.653820595332622,15.423396357885476,99.5342350472129,354.13645208301165
1,101,1,737000,7.407882236417077,20.071365339182172,22.920267212632716,99.53359837312367,347.2043890431514
1,101,1,738000,9.864609696280862,15.230302903016776,50.11058793060691,99.53220641234782,352.4051530104505
1,101,1,739000,14.028295807437303,17.964818435366098,51.68631238131034,99.53077068144833,350.35982873909285
1,101,1,740000,16.564220969982628,23.431592284783505,1.5418749252904789,99.53072785158929,351.67566107045894
1,101,1,741000,11.962035391653515,20.52947226557617,2.4076143108745987,99.53066097341399,349.7960105667281
1,101,1,742000,8.763092974814262,22.922064902362422,6.987946012476203,99.53046686380253,348.31513473974735
1,101,1,743000,7.201046530575065,29.882202922577427,5.208915972170033,99.53032217169219,351.50174555880267
1,101,1,744000,7.266274156102149,12.178791941444743,16.696249801961308,99.52985838697548,351.30886205421126
1,101,1,745000,8.560421707274957,28.08606287484312,-0.6955315556294188,99.52987770729646,351.9441139314794
1,101,1,746000,6.746062174391293,20.521779687616064,2.4655152765173107,99.52980922076101,349.97339072924274
1,101,1,747000,7.212979085583989,15.50607975838436,-7.27883568942228,99.53001141064127,348.8003559533603
1,101,1,748000,5.324521754700682,13.348431871305051,4.265573036132747,99.52989292250138,346.8824260099523
1,101,1,749000,3.7957272472208117,19.054398046114834,9.042152162678242,99.52964175160797,351.6387465362788
1,101,1,750000,0.2790745051002559,24.6082505596223,-7.231123407660401,99.52984261614706,350.847778964888
1,101,1,751000,0.0,19.362254398112327,-2.9296383665887764,99.52992399499058,348.0684347342721
1,101,1,752000,0.0,27.55577465123674,1.6455338935506478,99.52987828571577,348.9228526534068
1,101,1,753000,0.0,12.744121549742205,29.467926569228226,99.52905973219995,349.0664823760971
1,101,1,754000,2.634104491519599,19.939555260769726,0.8857018687017013,99.52903512937027,347.03403113603514
1,101,1,755000,0.26060726943974144,13.738032777934404,31.065011886181953,99.52817221237343,348.3646352067897
1,101,1,756000,6.841562431533218,21.81815941312484,47.84178990851743,99.52684327376487,347.7323392863873
1,101,1,757000,8.07485718373544,24.4344369504865,16.32812660951525,99.52638971469239,349.1750419762241
1,101,1,758000,8.536947492972626,17.896191031594732,14.478853947205033,99.52598752430497,348.52260500334086
1,101,1,759000,6.391053042519593,6.97893071686433,5.498782597299811,99.52583478034393,346.7459901582665
1,101,1,760000,8.141827741042071,20.99474073398247,6.1239643421583345,99.5256646702233,354.04518046113895
1,101,1,761000,6.702733175447637,22.183692758667547,4.961778141558746,99.5255268430527,352.50508146205846
1,101,1,762000,7.007757712061041,22.021473774808488,50.01255690771382,99.52413760536082,348.44196115696
1,101,1,763000,13.407969057733027,26.17891095911077,45.41711819784614,99.52287601874421,350.5448427933072
1,101,1,764000,13.167819308421402,14.644731601754756,34.7823174658071,99.52190984325905,350.8349301796426
1,101,1,765000,16.04100262413559,23.401080527252248,16.89404679498399,99.52144056418142,352.382171709547
1,101,1,766000,14.28306156132087,25.962537562389876,7.229597040328722,99.5212397420414,348.36278994667987
1,101,1,767000,14.195590335078466,11.107062079967417,38.82791106109731,99.52016118895637,352.18421356796483
1,101,1,768000,18.62259192416724,21.598259129594886,35.687057459391816,99.51916988180471,348.90418939158616
1,101,1,769000,17.05517427969782,17.479100844961643,32.432376911812405,99.51826898244606,347.3282751916628
1,101,1,770000,21.58629567469014,19.59238663449177,51.7820244396128,99.51683059287829,351.448273118629
1,101,1,771000,23.35567551332883,21.738382417691682,19.209273823011728,99.51629700193877,352.58151684824486
1,101,1,772000,21.94950857359316,17.56385717943224,9.701152927531178,99.51602752546856,355.1758179470614
1,101,1,773000,23.53052792123196,16.62145960419194,35.71917338490543,99.51503532620787,347.60054946981955
1,101,1,774000,25.961914045298787,20.170762087440124,36.86237914087169,99.51401137123173,351.3978393701616
1,101,1,775000,27.516438950841778,14.563770305685987,5.883452051976519,99.51384794200807,349.1803975124129
1,101,1,776000,23.590877151115638,14.570874355574073,16.983780573178617,99.51337617032549,351.56671742104805
1,101,1,777000,21.773034211553465,23.396866414782515,1.7307927140849824,99.5133280927501,347.0590208975375
1,101,1,778000,21.154237622674703,14.25602982420672,5.321879586010247,99.5131802627616,347.4744604486029
1,101,1,779000,20.96815404992459,23.33156250454606,9.589447195726446,99.51291388922839,348.44825035366705
1,101,1,780000,22.519834293801285,22.312956464269757,24.69021275384778,99.51222804998523,350.15792809133615
1,101,1,781000,22.96408679613442,11.370966356047017,12.87652931604942,99.51187036861533,348.7178374669233
1,101,1,782000,19.625725899359168,16.612176738321725,8.179381883747764,99.51164316356301,351.31810868782685
1,101,1,783000,20.576220526874074,25.97054701523686,22.27632589233739,99.51102437673266,352.05378923651585
1,101,1,784000,22.102684890083633,15.094172344301592,25.509204810061107,99.51031578771016,351.19915508249073
1,101,1,785000,23.502161009911234,17.677978688453063,42.555068251259016,99.50913370248095,353.23757527932173
1,101,1,786000,26.20411282379779,22.31030446625948,43.59066619959823,99.50792285064207,350.8316532589107
1,101,1,787000,28.28891821017005,23.91695254641298,38.17594227140012,99.50686240780121,347.56620657931967
1,101,1,788000,29.43686840824114,18.74230556977752,17.04591243616941,99.50638891023354,352.72675302707665
1,101,1,789000,29.261454129594522,17.01244902654179,15.536040778652673,99.50595735354524,348.789687528788
1,101,1,790000,25.109051795804543,27.111849308492538,19.07091608448259,99.50542760587622,351.8208369993711
1,101,1,791000,26.183097343636007,28.694498318987897,27.08671632474888,99.50467519708943,353.1474684331102
1,101,1,792000,26.702316561543785,24.894290253908977,19.609688570913185,99.50413048351801,350.9133760214608
1,101,1,793000,27.38126365453222,20.42659071282512,14.976626679045747,99.50371446611025,347.0076823736707
1,101,1,794000,24.189392214981446,15.958671391795368,10.891370234839657,99.50341192804818,348.1635756669804
1,101,1,795000,21.48675086396079,15.847777967217173,10.782776355454036,99.50311240648276,352.64548893377025
1,101,1,796000,24.11963299729305,22.61257052632879,28.02894352047777,99.50233382471829,349.6617546287144
1,101,1,797000,24.02074511265141,22.09199110444342,22.3335844351621,99.50171344737286,350.15914706988434
1,101,1,798000,25.724496856082972,27.007992964732146,26.245962997285375,99.50098439284517,351.5176488323272
1,101,1,799000,25.795292796409125,23.252250462680696,8.939091018805344,99.50073608476131,351.3926457241607
1,101,1,800000,25.86968314514849,12.48459849120091,29.59403578914387,99.49991402821162,350.55759962477094
1,101,1,801000,28.215392660088483,25.259738088614593,14.495523105308745,99.49951137479202,349.5826632575591
1,101,1,802000,26.92528083954505,15.009696863427935,5.461284897253975,99.49935967243377,349.3746631085353
1,101,1,803000,27.16558278189751,18.08014364023824,7.496377929846358,99.4991514397135,351.71579765058266
1,101,1,804000,26.009894560134903,21.251001031258472,13.802259814088098,99.49876804360756,351.10713906213556
1,101,1,805000,24.923653991554115,29.978337448919824,7.997889418317637,99.4985458800126,349.4853999987644
1,101,1,806000,24.150723682882518,35.549592780026806,24.64343416259674,99.49786134017475,352.16422462598626
1,101,1,807000,24.7060581119668,23.033615295680914,12.52659779974621,99.49751337912475,349.74193176974046
1,101,1,808000,23.509186557808107,19.084016906398062,15.401785821263147,99.49708555174082,348.2966756513312
1,101,1,809000,26.64857687174191,22.672528242402752,22.869111206875534,99.49645029865174,348.4820586021933
1,101,1,810000,24.41205861619315,24.43827712936918,16.260022536055125,99.49599863135907,348.0425183273805
1,101,1,811000,23.944879505789753,18.396661872214043,7.00312637872061,99.49580410007077,349.4551799667926
1,101,1,812000,22.845551860104315,28.97605677956161,31.01065770840832,99.4949426929122,352.46744855667237
1,101,1,813000,26.462996570988647,21.15035379595701,37.482560238471024,99.49390151068336,348.389809637939
1,101,1,814000,26.954383512267583,22.48871544545697,35.29192065342077,99.4929211795541,350.3769515220362
1,101,1,815000,29.53399486093917,23.329621260272308,8.444505395694758,99.49268660995978,348.68662130874515
1,101,1,816000,25.82009392834674,22.10793305307228,3.944514701500486,99.49257704010695,349.47938191745715
1,101,1,817000,26.487719593019886,24.19470250234806,31.411042277137724,99.49170451115481,346.9799175760295
1,101,1,818000,28.711796582078478,16.913734067265384,30.610774130825842,99.4908542118734,349.5589235416869
1,101,1,819000,28.91750655526704,17.208491230269846,32.39681946825453,99.4899543002215,349.6125892403901
1,101,1,820000,31.581207492930417,14.499228835141526,23.265206249859958,99.48930804449233,351.0805758880714
1,101,1,821000,30.287986367679487,22.19750615310113,28.63163311771889,99.48851272135018,350.44656182651073
1,101,1,822000,33.81135496814343,23.89468251756057,82.63141450747588,99.48621740428052,347.6032157500959
1,101,1,823000,39.55860027719156,22.28886433075943,53.166980182073225,99.48474054371991,352.16839648808707
1,101,1,824000,38.65150387609241,28.372462166737687,20.238257091042275,99.48417836991183,350.420606080444
1,101,1,825000,37.53774757259048,19.97201990585477,32.91624840410964,99.48326402967838,350.396787034355
1,101,1,826000,41.17120876538473,23.343708277962563,79.0996908807248,99.4810668160428,349.9816352932297
1,101,1,827000,45.12013912971152,14.54149561930343,42.029879262195,99.47989931939662,348.9644851055556
1,101,1,828000,43.81298906182835,18.064501487627997,24.344296016347766,99.47922308895173,350.43560467949743
1,101,1,829000,42.762522019088706,23.47768878782889,27.290716474344162,99.4784650134941,350.9511768718572
1,101,1,830000,42.058060496937436,24.245510553715718,23.433570712213196,99.47781408097431,346.5062086173089
1,101,1,831000,38.696934219351746,18.530165261679088,18.335845974351724,99.47730475191946,348.9224783253078
1,101,1,832000,36.40030435314125,19.642003740709665,15.55866694325573,99.4768725667266,349.49010605919284
1,101,1,833000,33.88995243626108,12.410631266595953,26.550497368034186,99.47613505291082,350.51234121138856
1,101,1,834000,31.970458523500763,18.214853995966955,8.870354635442016,99.47588865417094,352.38662201185423
1,101,1,835000,31.88374630503381,24.45191581759893,14.555311662246101,99.4754843399581,348.4565183708064
1,101,1,836000,32.46928313637511,22.87602508053283,45.23149206973239,99.47422790962283,349.0040763063643
1,101,1,837000,36.345534368410306,22.50332860690605,33.94691187584996,99.4732849398485,348.9749317787069
1,101,1,838000,33.849649266563326,20.2488684359048,18.823662813486145,99.4727620603259,348.3969448197909
1,101,1,839000,36.310455262754786,20.03531579314088,26.688845266796232,99.47202070351294,349.3056270097755
1,101,1,840000,35.775483152191015,16.698394302632764,16.33620304917099,99.4715669200949,351.54160443997597
1,101,1,841000,35.65182387805993,23.494142101012674,25.611167442752805,99.47085549877704,347.8923290092713
1,101,1,842000,37.338872608476436,22.10486472194695,15.120491343070542,99.47043548512862,350.8556287903058
1,101,1,843000,34.53206755457069,22.460094239963997,22.16048157006924,99.46981991619612,346.59619553996333
1,101,1,844000,35.48809192003081,17.369825786662098,20.414183688647626,99.4692528555381,348.8773240071156
1,101,1,845000,35.90422244056345,9.233285400643778,44.92237427001944,99.46800501180837,349.34102139956406
1,101,1,846000,37.13535060058383,25.48576355876848,36.27861381920057,99.46699727253562,353.34971934582813
1,101,1,847000,37.85827221035337,17.605812719957978,72.03047195504782,99.46499642609243,349.45039539049463
1,101,1,848000,43.99652256013061,15.686121179784397,51.238427533473356,99.46357313643873,345.59751305309817
1,101,1,849000,42.402172599502315,23.467394559569968,20.45138270435561,99.46300504247472,346.0022221862775
1,101,1,850000,41.07468021199777,18.03993680040435,13.371581033375326,99.46263360966823,350.0680591726934
1,101,1,851000,39.51682889593586,25.29968192023311,17.135102412633913,99.46215763460121,351.2275417115798
1,101,1,852000,38.12813609803522,23.08502974788349,21.532342287233366,99.46155951398212,350.7509117152545
1,101,1,853000,36.53466827976892,23.417846616002386,34.32454882033716,99.46060605429267,350.335140211602
1,101,1,854000,39.5072096075378,13.170221443997328,71.42640109490392,99.45862198759559,352.32451919501136
1,101,1,855000,43.05847022751244,26.059719926932004,34.45444768994754,99.4576649196042,348.92081755852575
1,101,1,856000,41.631604493138745,21.30625265616928,20.05930614540676,99.45710771665571,351.78982111205363
1,101,1,857000,39.55071556037817,18.153614303768983,12.79641176922666,99.45675226077323,346.73597022994716
1,101,1,858000,40.72925445134418,20.716942336711256,23.321373434464093,99.4561044448445,348.1901043341239
1,101,1,859000,39.34869684064176,11.118823835508401,20.946708894649003,99.45552259181964,346.38591721013637
1,101,1,860000,40.931026385030535,22.043264057403356,33.999930162442816,99.45457814931513,349.4503093986604
1,101,1,861000,41.43833393715878,14.853142459089643,22.151304130824002,99.45396283531149,349.90747756546733
1,101,1,862000,37.6489736496657,13.236648570782329,18.51504245408199,99.45344852857666,350.22820298445305
1,101,1,863000,41.517736652990855,12.388204068910545,94.52218196277748,99.45082291241103,350.12376670577424
1,101,1,864000,46.00743083572966,25.563441874949625,42.465406806468046,99.44964331777751,348.14489333837656
1,101,1,865000,44.475459109518695,16.853683031536058,20.37844014336602,99.44907724999575,349.6195183111736
1,101,1,866000,43.50620520967873,27.668638549582496,18.110794496437652,99.44857417237085,347.0051066627885
1,101,1,867000,44.220868686490995,17.32099268473851,34.477540001186824,99.44761646292638,352.7264579502645
1,101,1,868000,45.057010661458555,11.463210212035266,57.643432146575805,99.44601525647786,349.392747854204
1,101,1,869000,46.70337134314063,14.417377800256705,84.46027977456873,99.44366913759524,349.02222776191263
1,101,1,870000,51.72888269005651,26.179058100034695,62.672416295839156,99.44192823714258,353.1778806568882
1,101,1,871000,51.28651462132139,19.220509110316662,18.69214768489338,99.44140901081799,347.51550693290153
1,101,1,872000,49.29077150997525,17.258563517546996,25.434192951456474,99.44070250545823,347.7488257719361
1,101,1,873000,45.842473439938935,20.80009112926394,17.434395125114136,99.44021821670476,347.80755935026286
1,101,1,874000,44.01514834008414,22.508913680837725,14.622949532382563,99.4398120236622,349.864257236601
1,101,1,875000,43.93233090789965,25.586994079512305,48.849705823668366,99.43845508738931,350.8632632592752
1,101,1,876000,48.418725566694114,27.242496149464632,52.33807064433187,99.43700125209364,351.4793509362357
1,101,1,877000,47.12469731910369,18.20115677105457,28.31242780290007,99.43621479576578,355.14399063498996
1,101,1,878000,47.68416719820093,13.369761569589809,34.38863397554166,99.43525955593313,345.5011350915985
1,101,1,879000,47.64310995801905,17.93267419438362,36.50476012010386,99.43424553481869,351.21747117824884
1,101,1,880000,50.614093141639266,21.30140253291443,88.8278255937707,99.43177809521886,348.88573885485556
1,101,1,881000,56.93142420632332,15.181205368946944,64.62809501144294,99.42998287035743,348.8271697022225
1,101,1,882000,55.60425227402252,15.214245425524785,28.67980728490425,99.42918620904396,348.76045574349223
1,101,1,883000,54.38065366772697,21.718939407749428,27.601939377412023,99.4284194885057,348.18246065838406
1,101,1,884000,56.99105586039965,19.756738242147744,54.01012561189533,99.4269192072387,353.3690496692069
1,101,1,885000,58.69578458446543,20.163984977057932,72.92678846041875,99.4248934631148,351.6845946540278
1,101,1,886000,63.312552898805514,16.207523326499654,76.53626417514835,99.4227674557766,350.04639195711474
1,101,1,887000,64.77237336212042,18.847996428971165,25.305479772416426,99.42206452578291,352.702031504974
1,101,1,888000,63.87414313515277,15.378834278658477,35.143165924643256,99.42108832672945,346.97494206940223
1,101,1,889000,65.35078021188355,24.450992055623935,62.893384151086856,99.4193412882808,347.33858973733817
1,101,1,890000,68.12253916334082,25.176246673618763,71.80213788849237,99.41734678445057,345.6440645356106
1,101,1,891000,70.17374461633423,10.769060688809532,73.92298003157238,99.41529336833858,348.60117091975343
1,101,1,892000,71.44192969410248,15.35244569903795,65.95932006429761,99.41346116500347,350.3233970534095
1,101,1,893000,74.10861641807537,12.517353724549604,86.2482409780258,99.41106538053185,350.20571715586465
1,101,1,894000,77.03185539418955,16.74988032796551,73.27200349556155,99.40903004710142,350.29868382211976
1,101,1,895000,80.48725287178337,19.582810151048196,73.53650290452865,99.40698736646519,347.17788633786785
1,101,1,896000,82.10902759075748,12.751773901507349,65.30837015722223,99.40517324507194,351.60630948522805
1,101,1,897000,81.69123238996534,15.390700934373434,47.81288883260483,99.40384510927103,350.479255036478
1,101,1,898000,82.05801660604864,14.980213139592507,81.69024318036753,99.40157593584935,351.466108562932
1,101,1,899000,85.07428902231953,21.03633664699472,51.44727389463233,99.40014684490784,346.2144756448199
1,101,1,900000,83.03194984485144,20.34672168518125,43.414173164355546,99.39894089565327,350.62298171759556
1,101,1,901000,83.95363311703369,16.391312233313734,39.19622282471294,99.39785211168592,347.62446952016495
1,101,1,902000,82.97028608621528,20.88410436069699,40.83484157533954,99.39671781053104,349.2053534948973
1,101,1,903000,83.04214814355232,17.266599577063673,72.5608086026807,99.3947022325143,351.0687297972728
1,101,1,904000,86.23827780007058,18.641724448369732,63.919385861131495,99.39292669401816,350.18218721251185
1,101,1,905000,86.71602547012033,28.367260451492683,55.55578891388811,99.39138347765945,348.29692004044136
1,101,1,906000,86.83211684051071,26.70230525895174,41.80591764779506,99.39022220216923,350.01254631236884
1,101,1,907000,83.43247648806091,13.502093815362013,58.012078547407015,99.38861075554291,346.9369293695127
1,101,1,908000,85.29811040312896,24.148662089395874,59.777093820192974,99.38695028071457,352.30053479179657
1,101,1,909000,86.91182085598165,24.05698277245796,95.14825963601083,99.38430727350246,349.5894319610075
1,101,1,910000,92.3199576642453,14.258683556236909,89.62711395687096,99.3818176314481,352.23709988851067
1,101,1,911000,91.55051207686279,24.093888218774303,38.69892007881046,99.38074266144591,348.9469366258079
1,101,1,912000,92.09838789602263,27.689659592062764,55.27613519087666,99.37920721324616,348.95284802318685
1,101,1,913000,92.72184710529952,14.387275968777931,99.74904240046858,99.37643640651281,348.4716264267243
1,101,1,914000,96.6654803047082,15.412485894928682,69.83993829578456,99.37449640822682,351.75234786338615
1,101,1,915000,96.42724147374082,25.08830733421751,43.908228319706666,99.37327673521794,348.58113768534304
1,101,1,916000,97.12479528816667,21.35747655412824,63.501056382944626,99.37151281698509,351.28919086483035
1,101,1,917000,98.64453656245801,22.757381376197618,62.67859220805314,99.3697717449793,349.23509520466143
1,101,1,918000,99.11105937034891,21.702946082002484,52.29712782294695,99.36831904698423,346.04807340021677
1,101,1,919000,97.99497533397259,21.95347960464072,53.74546052380874,99.36682611752524,348.8593718644271
1,101,1,920000,98.48020031621836,13.367639358444585,85.14249874288934,99.36446104811571,347.6417835712743
1,101,1,921000,101.16427969086779,25.23658853310724,60.67765035080642,99.36277555782819,350.06780544736466
1,101,1,922000,98.59799144234013,25.84794996213887,50.420169443846525,99.36137499756586,347.61918452865103
1,101,1,923000,98.93041562770732,18.85304627965986,47.73307528381916,99.36004907880798,351.85195020142925
1,101,1,924000,97.18011359035938,19.78261525093069,49.12468204802784,99.35868450430664,349.81784827929397
1,101,1,925000,100.16773016267149,12.344462487221389,58.52468097570589,99.35705881872398,349.6448080104825
1,101,1,926000,96.35976290071206,22.571273780089175,46.497946723300345,99.35576720909278,351.3117842755752
1,101,1,927000,94.96245828253309,22.86028720857072,52.282753122673896,99.35431491039492,351.9278138681517
1,101,1,928000,95.9054879701944,19.689044915003446,83.99321599950899,99.35198176550604,349.9598024964607
1,101,1,929000,99.81929804328026,25.621766799352514,70.05054244405613,99.35003591710482,348.4575994009014
1,101,1,930000,99.65492239059779,18.329613845100297,50.688733127354084,99.34862789674017,346.4520607677757
1,101,1,931000,98.26692357386479,22.823029629468003,75.511213873831,99.34653036302146,348.6279004859296
1,101,1,932000,102.96981624746627,14.901678306539422,79.9738939261474,99.34430886596796,348.76557550670407
1,101,1,933000,99.34978149642566,19.88223924562881,54.11241058528313,99.3428057434517,350.2141149059846
1,101,1,934000,93.85276660487546,19.12822871048582,50.730616573995114,99.34139655965798,349.30970623772396
1,101,1,935000,94.95280273000878,21.12653961020471,47.77683133808021,99.34006942545415,351.3758659441029
1,101,1,936000,93.69766716912726,18.152365355833208,48.79039361168088,99.33871413674271,348.77403345745864
1,101,1,937000,91.14458512630047,19.34263702164166,51.819817066681026,99.33727469737974,349.8859176662941
1,101,1,938000,92.91547624454886,24.13023585720753,56.32435740346213,99.3357101318963,352.36797488639377
1,101,1,939000,93.52497802897685,17.81617881380891,45.01529237840364,99.33445970710801,350.6836504279099
1,101,1,940000,92.11478145213502,11.967114496306603,50.63345637874357,99.3330532222086,349.8799249166229
1,101,1,941000,88.91402045545779,28.747919521027104,46.352775821359515,99.33176564510245,348.7961111161296
1,101,1,942000,91.09516377615815,26.907270393452432,78.13373627742337,99.32959526353919,348.73353720657
1,101,1,943000,92.7206667210548,13.538686524471906,63.53024835770802,99.32783053441814,348.2987734940961
1,101,1,944000,92.47272706160634,23.448539026225973,64.6227085731136,99.32603545918,348.9179862684342
1,101,1,945000,97.0893195517255,17.485126147243285,59.96536559451663,99.32436975458016,351.5113316774886
1,101,1,946000,94.41410763591011,21.317436076655298,51.77442247804209,99.322931576178,349.55622345741546
1,101,1,947000,90.60029470859827,21.47112064506747,47.98829686904853,99.32159856793163,347.30045386123754
1,101,1,948000,88.87052453389516,18.82796099841839,46.576193506000465,99.32030478477868,353.53633858611954
1,101,1,949000,88.75655949300642,16.081171672068017,46.411532559477905,99.31901557554092,350.63993038229034
1,101,1,950000,89.36490811631315,16.547294738418703,38.32381759001524,99.31795102505231,347.18611319897366
1,101,1,951000,88.76181797167231,15.419040422593788,48.881327445659316,99.31659321040104,349.1163021455184
1,101,1,952000,89.64195646295806,15.840888958847776,40.64956918130591,99.31546405570155,350.22177276565685
1,101,1,953000,86.51310790248195,19.664108549753223,57.51428032444211,99.31386643680365,353.40918418659476
1,101,1,954000,90.1225194126651,16.421200054446242,71.55291772172822,99.31187885575582,347.7837750834823
1,101,1,955000,89.91714146668367,23.410260328563098,60.02659056077271,99.31021145046246,351.9520814387119
1,101,1,956000,92.71038104565399,27.436230776679636,68.64585418112397,99.30830462117966,352.7989728539447
1,101,1,957000,93.56719441159825,17.099733793149785,60.19871237987511,99.30663243472466,348.74269138985085
1,101,1,958000,94.70907745948271,21.197022502676884,63.978565567305985,99.30485525234779,349.4449727622795
1,101,1,959000,96.13349566006322,22.498425551514668,71.3154278231244,99.3028742682416,347.92738150525247
1,101,1,960000,97.2527670601065,22.360011354596374,68.48956368233003,99.30097178036154,349.5930777178394
1,101,1,961000,98.85957395977536,20.379776339580438,80.00557429228905,99.29874940329786,349.9268200513141
1,101,1,962000,102.18245528510644,23.713412091798613,87.0308216904485,99.29633188047313,351.3192999961647
1,101,1,963000,102.67375820936012,22.411244763403285,67.30433963884333,99.29446231548316,352.1803669420409
1,101,1,964000,104.44626760333139,13.811687888363512,80.18221660325567,99.29223503168862,348.5038078707567
1,101,1,965000,104.22192836761333,24.345780321946364,72.51395527787184,99.29022075515313,346.065349871548
1,101,1,966000,107.822221406237,24.436454186333712,68.98580192153209,99.28830448287754,349.95751044144754
1,101,1,967000,106.13124065108883,16.183569479107092,74.14457533076643,99.28624491134057,350.58707505993726
1,101,1,968000,110.63359173336588,20.18968917723801,76.43768972332843,99.28412164218159,350.4988353753701
1,101,1,969000,110.53319685675501,23.416644964055347,65.34297398068071,99.28230655957101,349.34665350498193
1,101,1,970000,106.95625910145989,18.953430902103193,59.93135185534268,99.28064179979725,350.2495041993279
1,101,1,971000,107.27652013873687,25.364890238830057,51.652283488638496,99.27920701414479,353.0308896167045
1,101,1,972000,105.57389099504967,31.819362473096803,60.046289356249794,99.27753906166267,350.763468337925
1,101,1,973000,107.67549986752148,16.070069836825088,58.839786643166214,99.2759046231448,349.2532631499938
1,101,1,974000,106.0439399192655,13.094776984231125,64.14655014804568,99.27412277452957,348.999604365808
1,101,1,975000,104.92848133622854,21.51909297802438,54.24258541093042,99.27261603604593,349.6602952846445
1,101,1,976000,100.20462950886471,23.607812525630717,51.060201735402806,99.27119769710883,353.2734799236613
1,101,1,977000,99.07386371074202,18.845668130776154,52.068136801900636,99.26975135997544,349.6333985809476
1,101,1,978000,93.01416539416962,27.26630331660517,53.743611194043844,99.26825848188672,349.9604113109586
1,101,1,979000,89.05440833545532,13.306971001383756,56.84126423204507,99.26667955788027,349.0353728581274
1,101,1,980000,90.95544497581606,23.464593115158056,67.07345219466261,99.26481640643041,352.19796671488393
1,101,1,981000,92.91994537244314,16.970695896205534,74.3015668184608,99.26275247401878,353.91967450948937
1,101,1,982000,93.98358927690555,28.59688953103648,55.19486745589421,99.26121928325612,350.90122609886276
1,101,1,983000,91.56614891908251,29.96257676584059,61.54335813210168,99.25950974553024,350.1655458075709
1,101,1,984000,91.44687052872756,16.16671706108326,40.10596509816579,99.25839569094418,350.0735656663485
1,101,1,985000,91.43786418100113,17.2522143204571,46.93334215625194,99.2570919869954,345.2313864224285
1,101,1,986000,88.54195245801978,24.29793943489901,39.85064959804083,99.25598502450657,351.49030172856965
1,101,1,987000,92.30044821243766,18.064346751052426,90.24861906073335,99.25347811842155,350.2683328319917
1,101,1,988000,94.49385393887684,19.77294391033881,55.90172611655612,99.2519252926961,350.85668410132143
1,101,1,989000,93.94144350430268,20.12694210271205,56.587950726276105,99.25035340517593,348.5770756118326
1,101,1,990000,94.00865810178901,10.401634219011719,56.6589351855887,99.24877954586522,349.2310862420458
1,101,1,991000,94.5296151216579,19.930811269528814,38.81889237099264,99.24770124329936,349.17795012699366
1,101,1,992000,89.42527795059718,16.55136112967913,42.35632027178599,99.24652467884736,352.0432459681461
1,101,1,993000,88.80733449429569,17.53438588800114,34.526228391062155,99.24556561694762,349.24248032679384
1,101,1,994000,87.1023738743012,27.21816001734407,47.30668420968715,99.24425154238624,354.1653206442196
1,101,1,995000,84.59832384956391,13.717465528603718,38.36849603220042,99.24318575082978,350.86172483803006
1,101,1,996000,83.89557311734903,24.066025933739887,68.41969658201336,99.2412852037025,347.4486346800085
1,101,1,997000,88.38978943447283,18.605185348340957,76.14141527275629,99.23917016438938,349.7429074134961
1,101,1,998000,89.99189658764035,18.601199157520828,44.60390148440459,99.23793116712592,348.6966497556872
1,101,1,999000,88.56394911318337,23.951859480258555,52.52323671709637,99.23647218832822,345.61123506035995
1,101,1,1000000,89.99540606657376,21.70025647284445,81.03598099640611,99.2342211888561,353.19894188022755
1,101,1,1001000,93.49379465803877,22.853064986097657,82.77646262882615,99.23192184267197,351.40628508444
1,101,1,1002000,95.80537886532069,24.840923302664304,64.83458957187025,99.23012088185052,351.06641463579865
1,101,1,1003000,95.95445479012113,18.343458084083387,48.0673117552828,99.2287856787462,350.33080732059943
1,101,1,1004000,94.33711284585719,16.938816327461247,50.422099400548646,99.22738506487397,347.2359648626151
1,101,1,1005000,96.08267112989117,14.57424736721101,72.1923837281527,99.22537972088152,349.03276572088913
1,101,1,1006000,97.06638459344555,15.872947350105225,73.86892112167965,99.22332780640592,351.683561549568
1,101,1,1007000,99.30436764351488,34.745472126543625,72.69906284620366,99.22130838799353,347.897559940435
1,101,1,1008000,100.8922971477198,26.22339790368393,76.54541534331346,99.21918212645622,344.9364613674984
1,101,1,1009000,103.51617893601814,13.244628168959894,69.89501230187585,99.21724059833672,349.54578798443816
1,101,1,1010000,102.17809090711671,13.38771021628215,81.40179162723398,99.21497943745818,349.7164848919449
1,101,1,1011000,105.47157607120252,22.40933030859246,79.15091574215792,99.21278080090978,350.2711268328294
1,101,1,1012000,105.96557508293353,22.736323986889836,85.41435555895043,99.21040817992204,351.4570372870291
1,101,1,1013000,111.1537272644967,22.744419176586824,74.71566631107473,99.20833274474673,351.27521162446243
1,101,1,1014000,109.43075771927278,18.72522103223151,73.8819730927151,99.20628046771637,350.51753961048786
1,101,1,1015000,113.7706672271859,19.372728699985498,90.06420847767112,99.20377868414755,352.39106277617344
1,101,1,1016000,114.26544418584251,21.639397620796785,54.23710154474252,99.20227209799353,346.9620604383734
1,101,1,1017000,112.6368991768064,20.429465031466652,53.9142806408433,99.20077447908683,351.00916362895475
1,101,1,1018000,111.4271845916706,8.903498136262325,71.03331873795808,99.19880133134411,351.2530767266739
1,101,1,1019000,110.62631632118479,18.85100184712403,54.5271022095726,99.19728668961606,347.52087542783954
1,101,1,1020000,111.68673118718958,15.742967828698433,71.84390649909896,99.19529102554664,346.9942587826352
1,101,1,1021000,112.99381990727832,20.87605709454256,67.34659289404188,99.19342028685513,348.5081157470488
1,101,1,1022000,111.55956989743187,34.926295013017054,58.66137176429632,99.19179080430612,348.6769171149694
1,101,1,1023000,111.49868341677941,21.83740832737152,83.25949899410811,99.18947804044518,351.5068389270049
1,101,1,1024000,116.85435931330908,18.43235156913801,121.3820486974572,99.18610631687025,348.7709224326178
1,101,1,1025000,120.0,24.60900750988626,78.45151168443869,99.18392710821234,348.2873029634376
1,101,1,1026000,120.0,22.413439436046062,58.4088123612869,99.18230464120231,348.7767325266109
1,101,1,1027000,120.0,22.100472452259208,56.09421810934443,99.18074646847705,352.2372646683084
1,101,1,1028000,120.0,23.034252966078355,58.700999296162436,99.17911588516327,350.0260867487539
1,101,1,1029000,120.0,30.282717824147706,77.9926905604817,99.17694942153659,349.6414979492862
1,101,1,1030000,117.44301858700399,14.345557823370422,75.2785819039111,99.17485834981704,349.7799890025979
1,101,1,1031000,116.79957724344563,22.368160384057273,62.710906181157696,99.1731163802009,352.58412066865304
1,101,1,1032000,112.62811705875166,15.368094350092308,49.2329232504126,99.17174879899949,348.5016565467935
1,101,1,1033000,113.62617486526486,22.77756323171124,69.2243163593824,99.16982590132284,352.6310165818802
1,101,1,1034000,115.24416471452172,15.406567442569528,46.274075820308866,99.16854051032783,350.420992597843
1,101,1,1035000,114.03619855877328,17.91316593197458,71.9087003995051,99.16654304642785,349.6791612360493
1,101,1,1036000,117.97116546699836,18.524550428810468,69.81460387875543,99.16460375187566,355.00180099586856
1,101,1,1037000,114.9067513094925,24.879083596723547,60.03810823348811,99.16293602664695,347.8887210204028
1,101,1,1038000,111.24581410896795,24.59227221971207,54.51534073972336,99.1614217116264,349.292628480866
1,101,1,1039000,111.80694365536787,13.771413117768077,93.44099201533163,99.15882612851486,347.535137521672
1,101,1,1040000,114.42468941189826,20.274670554999243,101.18156272345445,99.15601552955032,351.90492394107235
1,101,1,1041000,118.63450864054293,16.452100726254137,81.60916381194932,99.15374860833332,353.37837786730336
1,101,1,1042000,117.48729798337058,13.707475446623327,86.46674312904827,99.1513467543575,353.3398455628093
1,101,1,1043000,120.0,18.914914747878147,68.70133580515349,99.14943838391848,352.447897506292
1,101,1,1044000,119.90372882624823,18.457586057720903,61.450102852310856,99.14773143661702,349.6047590644081
1,101,1,1045000,119.47216057639618,32.13358243172761,75.06680446069208,99.14564624760422,349.26951804502033
1,101,1,1046000,120.0,22.16479912680348,61.59005010798747,99.143935412879,346.65766045501186
1,101,1,1047000,120.0,13.111912496228815,76.2042036727235,99.14181862944365,354.0717470703636
1,101,1,1048000,116.05901960753937,17.176129979145287,72.10278202613245,99.13981577438737,350.93795615629693
1,101,1,1049000,119.7503704818541,25.106916477146992,86.7213906680803,99.13740684686881,349.01608619026103
1,101,1,1050000,120.0,30.442213864349625,71.96653525002662,99.1354077764452,352.6561137779739
1,101,1,1051000,118.43609324622618,12.070083438810208,66.63331344576736,99.13355685107172,348.05447096648
1,101,1,1052000,119.4256020798197,10.600378074304775,85.77542450495262,99.13117420039103,350.81324406844533
1,101,1,1053000,120.0,29.35482587685891,66.29023257060807,99.12933280504184,349.6547417314183
1,101,1,1054000,120.0,21.94807088685452,60.97421170135069,99.12763907693902,351.27735427976063
1,101,1,1055000,118.62423711538645,15.658536340618168,54.213641959148944,99.12613314244015,349.8728529216278
1,101,1,1056000,116.94517869554132,22.673145430612177,59.50439820439791,99.12448024249004,347.09814421777753
1,101,1,1057000,116.8812935180627,6.821261304915611,102.8014298320585,99.12162464721692,350.1511527453401
1,101,1,1058000,119.81311606621112,20.016877532985806,83.80742075802051,99.11929666330697,352.0977282837507
1,101,1,1059000,120.0,21.639105864215427,64.8099359453592,99.11749638730849,349.941567188292
1,101,1,1060000,119.07346416978473,24.62135069768915,58.35167223482922,99.1158755075242,351.5502302431782
1,101,1,1061000,120.0,14.930520238537312,76.49940143654226,99.11375052415096,347.9089410286519
1,101,1,1062000,112.87864344842481,20.428435807016797,57.83566091529504,99.11214397801442,349.9474784134603
1,101,1,1063000,115.75055769935507,15.372876869702063,53.12072520124138,99.11066840231437,348.75097908982286
1,101,1,1064000,111.40127325240982,21.276918778371584,57.293241650199285,99.10907692337965,351.4939616802094
1,101,1,1065000,110.49517089890199,15.52326838818488,50.28910213224944,99.10768000387597,350.062983124524
1,101,1,1066000,107.69599616233663,17.959495804198898,50.68359670674435,99.10627212618967,351.38014735267325
1,101,1,1067000,104.45929247303437,15.020923026048855,53.17628777297905,99.10479500708486,352.1754208523157
1,101,1,1068000,107.36135944148066,23.255681209118286,67.20033140129759,99.1029283312126,351.3832371502428
1,101,1,1069000,106.19210643820092,24.29225558328333,47.14989089371482,99.1016186120211,350.5462368685873
1,101,1,1070000,107.05836614252772,18.826897150212933,64.00021093501736,99.09984082838402,348.00357548297717
1,101,1,1071000,106.94106469532976,20.191189974800142,63.79792916180509,99.09806866368508,349.9944277786662
1,101,1,1072000,108.13366676338757,12.75704292683228,72.190636075271,99.09606336823855,348.93381919596834
1,101,1,1073000,108.32572149103821,18.501616759966065,46.47493676327323,99.0947723977729,349.31187208659156
1,101,1,1074000,105.11824093056678,19.748976914791275,51.83459756987624,99.0933325478404,349.25093169849947
1,101,1,1075000,107.60890797918464,33.103965455149876,70.29887146691544,99.09137980141077,348.0401488504355
1,101,1,1076000,106.37451652128135,14.440164871129182,64.50355265508693,99.08958803605924,346.085322821732
1,101,1,1077000,102.48306177463198,27.32088619376219,49.42594758153815,99.08821509307086,348.66371390334444
1,101,1,1078000,101.4127738722172,24.98429386732904,59.29140523079329,99.08656810959222,350.3867589038483
1,101,1,1079000,105.16467334880298,21.403182022450682,91.45625359310057,99.08402765810352,347.303645909145
1,101,1,1080000,107.2902277040867,28.793102420975668,60.82482398603565,99.08233807965946,350.03136447294327
1,101,1,1081000,106.41859736806705,21.860527363034315,56.377603807903824,99.08077203510925,353.8005368486219
1,101,1,1082000,105.54545310727099,21.945795978339643,49.281728180580245,99.07940309821534,352.0461131105045
1,101,1,1083000,104.74136547922753,19.734396734912274,91.23476673743939,99.07686879913929,353.28708301824105
1,101,1,1084000,109.93323543812963,26.117844412093138,88.09389128164617,99.07442174660369,350.78225575386546
1,101,1,1085000,110.8880740687085,25.482346169054416,76.0966991661212,99.07230794940463,352.3350196459729
1,101,1,1086000,111.96317818668618,16.871613562518938,80.21286057962813,99.07007981438854,348.5520705390644
1,101,1,1087000,114.53888682176579,13.403764027006163,100.31985409916993,99.06729315177466,348.711319465956
1,101,1,1088000,115.13585971933207,18.985096813021716,57.9669372799597,99.06568295907245,344.52171958772504
1,101,1,1089000,114.48825435478032,15.999807178011768,62.94190485751751,99.06393457282641,352.3722909480846
1,101,1,1090000,113.99737973206788,19.682377126923225,55.06188004326989,99.06240507615854,353.08064795963975
1,101,1,1091000,113.81837658353273,26.187190673420695,51.4160861658773,99.06097685154282,348.8936455093055
1,101,1,1092000,113.72532099225812,17.71349172456605,75.95141990344166,99.05886708987883,349.49209658720554
1,101,1,1093000,115.54439485135057,19.785883093442127,70.73908984633891,99.05690211516088,348.4922757726181
1,101,1,1094000,115.67425956586882,20.290113674041976,72.5662062313138,99.05488638721,350.765307102955
1,101,1,1095000,117.50585975890777,24.242154411026423,76.24480571889657,99.05276847594004,352.2498650906065
1,101,1,1096000,117.30406830863632,8.765553330076974,64.19070953261517,99.05098540067524,346.5144560522379
1,101,1,1097000,117.50065628442654,16.966498526173517,61.72778263040956,99.04927074004662,350.8188770612845
1,101,1,1098000,112.50515457309628,21.056418461397364,53.30310350423368,99.04779009828262,349.4466564565617
1,101,1,1099000,114.79597375985249,26.000394782134308,78.66103160518485,99.04560506962692,350.2267887839334
1,101,1,1100000,115.66219494959746,17.540487762468974,81.5344816377904,99.04334022291475,350.91798800334857
1,101,1,1101000,118.1572202242466,10.61723646979063,61.89300096586634,99.04162097288793,349.62359512245433
1,101,1,1102000,110.91658177876238,23.098557229830682,51.564105675279016,99.04018863661916,349.79282629318845
1,101,1,1103000,116.1375185407142,16.823188055871853,98.6571979793942,99.03744815889752,349.5722496648907
1,101,1,1104000,115.78854447032626,14.051666704548193,94.96929857583667,99.03481012282597,351.94063240357656
1,101,1,1105000,118.55900151217006,16.87827305143388,60.1516655363237,99.03313924322774,350.837519920255
1,101,1,1106000,115.95923669435624,19.07737321172075,59.195235639742585,99.03149493112663,350.4411670754747
1,101,1,1107000,117.49117145701265,16.976276677308938,57.27437320032404,99.02990397631551,347.45809655781545
1,101,1,1108000,114.85763254907852,8.972169714504654,77.054079844415,99.02776358520872,349.2428405135737
1,101,1,1109000,113.298210147339,24.485330984435663,78.0477309550282,99.0255955926822,351.79733832067836
1,101,1,1110000,118.08328853200597,26.374375206393612,90.120107384723,99.02309225636596,350.07539314624785
1,101,1,1111000,117.6065825300976,23.25760995669753,64.99785990965454,99.02128676025735,351.31906293917825
1,101,1,1112000,118.1501647130469,14.311571647875917,86.17101550127273,99.01889312093788,353.53302360065527
1,101,1,1113000,120.0,18.99254233026241,80.64002430410318,99.01665312026276,352.0772121384176
1,101,1,1114000,120.0,19.96739342385271,52.347692951283115,99.01519901768079,350.1863166753995
1,101,1,1115000,120.0,22.993971947809552,68.14821065556399,99.01330601182924,348.97802165960854
1,101,1,1116000,120.0,23.341702443590403,58.13662208024013,99.01169110566035,344.8929008078882
1,101,1,1117000,120.0,16.32913100610752,58.786506260873594,99.0100581471531,349.6632301550543
1,101,1,1118000,119.85595300741603,20.409977782067802,50.4779256477933,99.00865598255177,349.3479750083663
1,101,1,1119000,120.0,22.286402023076207,58.72635275050019,99.00702469497537,350.78073238879074
1,101,1,1120000,120.0,27.279111610733832,54.800967344865576,99.00550244588246,349.6921895460506
1,101,1,1121000,120.0,23.522532699123616,56.961768273132634,99.00392017454153,349.3592298811264
1,101,1,1122000,120.0,23.945283436877595,59.313445171055605,99.00227257884234,346.44120213898555
1,101,1,1123000,120.0,20.419133139646803,64.78895807236452,99.00047288556254,348.12006434169984
1,101,1,1124000,117.1424877181738,27.05229572601752,59.609260616090026,98.99881707276765,350.9533020816011
1,101,1,1125000,120.0,22.048813979797487,61.53838326700557,98.99710767323245,353.4318152622654
1,101,1,1126000,117.13413651745329,15.694560449132148,53.08947131449883,98.99563296569593,349.80494923250876
1,101,1,1127000,117.89072518055087,27.016849850625952,54.541592142261784,98.99411792146977,350.6556221471482
1,101,1,1128000,116.00503555550247,23.489516362695138,66.99614286950779,98.99225691750117,351.9049563139056
1,101,1,1129000,115.84468968901999,17.784779894357587,58.84050744344529,98.99062245896107,348.3782121275995
1,101,1,1130000,116.6665957147787,17.602535163003783,77.90113817590077,98.98845853845619,350.7336280865709
1,101,1,1131000,117.46998875340438,21.48287772570381,70.42381980044988,98.98650232123951,348.5190197873357
1,101,1,1132000,118.52479063899258,22.315923976337924,76.84335754601672,98.9843677835299,351.729648876982
1,101,1,1133000,120.0,20.986461328156032,75.59633525259002,98.98226788532844,350.30280609590346
1,101,1,1134000,120.0,21.556543367214424,66.35946210969328,98.9804245669365,350.5969036279629
1,101,1,1135000,119.38960841177338,28.499786872881902,59.14074140449125,98.97878176856416,348.4348028051628
1,101,1,1136000,120.0,25.35771576117443,62.297615206188276,98.97705127925288,351.4140647192216
1,101,1,1137000,120.0,20.95317795632512,59.72039775738894,98.97539237931517,354.16942584246203
1,101,1,1138000,116.93098046215752,24.706552903837416,60.15527787223935,98.97372139937427,347.98417660914356
1,101,1,1139000,118.42448063678216,14.837380482362303,101.97767331864183,98.97088868622653,349.32048198470494
1,101,1,1140000,120.0,21.989635249734043,65.79622293953919,98.9690610133671,350.4632149483362
1,101,1,1141000,119.25609124160002,29.04653174866555,62.722477110915776,98.96731872233623,351.57281242399165
1,101,1,1142000,120.0,18.90977052303813,70.75269998648429,98.96535336955883,348.8809074294211
1,101,1,1143000,119.62486103241868,15.761830356904575,61.718978577533264,98.96363895348723,344.3339394197145
1,101,1,1144000,119.93880216609753,16.7395555570347,61.52766536307266,98.9619298516716,352.718378988328
1,101,1,1145000,119.50612260538786,14.551834813288059,62.59020861269231,98.96019123476569,351.5210122391683
1,101,1,1146000,119.54507022434153,16.076190459361484,46.618884428025446,98.9588962657538,346.51410493902665
1,101,1,1147000,116.80438250710353,18.147459507049856,60.3440698997026,98.9572200415899,348.7848624164409
1,101,1,1148000,113.20425530061779,12.97216490410679,70.57140322249121,98.95525972483372,353.13636485905465
1,101,1,1149000,117.19051795868022,20.078091669748016,68.99953509967347,98.95334307108095,352.89559283691574
1,101,1,1150000,115.0731145878844,24.511385868933235,58.75420831487393,98.95171100973887,351.8772800453579
1,101,1,1151000,112.59463371424364,15.4612190992654,55.99529821113728,98.95015558478856,349.64777513208026
1,101,1,1152000,107.21115843023435,27.596419618208845,59.24448046828667,98.94850990477555,350.165974837625
1,101,1,1153000,105.6137540610106,22.553960442637973,53.237431371800184,98.94703108723745,349.7381483897477
1,101,1,1154000,102.30602957749186,25.152902928120287,52.955297091326884,98.94556010676268,352.2564795665377
1,101,1,1155000,106.41106747783277,16.710827230739316,104.19511926494552,98.94266579789421,348.2483151870098
1,101,1,1156000,108.93561020118936,24.272626135333077,58.96664181206006,98.94102783562165,348.3884006902316
1,101,1,1157000,107.21523433824505,14.540330498023435,100.0776411251181,98.93824790114596,352.020549173672
1,101,1,1158000,112.84632385160583,24.451237504182544,110.18543638678172,98.93518719457965,349.9112770889769
1,101,1,1159000,115.30073756908482,20.859196698967658,65.8063403203013,98.93335924068187,352.7569347109076
1,101,1,1160000,114.48865911031326,22.76625609992392,57.665170706085114,98.93175743038448,348.6569755860389
1,101,1,1161000,108.24014482312933,14.12202697187574,65.0210587551397,98.92995128986351,349.89044327932237
1,101,1,1162000,113.96750125460618,15.524650788616977,75.03167236363623,98.9278670767423,348.1551740303121
1,101,1,1163000,110.49357008769718,22.986141091266923,53.90355627729988,98.9263697557346,350.0147253628471
1,101,1,1164000,106.38007322030495,15.258259978878996,44.00823769130049,98.92514730468761,347.0429061260024
1,101,1,1165000,108.93649930032905,22.316031460495616,112.41415173133562,98.92202468936175,349.0247331580901
1,101,1,1166000,115.03588031617723,13.164310967698771,153.45163117693983,98.91776214405128,347.12749227014376
1,101,1,1167000,118.49656236245352,24.24087106333334,91.58400388506112,98.91521814394336,351.38784646638254
1,101,1,1168000,119.90633516258441,13.837383426157455,82.99414766201738,98.91291275095276,351.4331786795193
1,101,1,1169000,120.0,22.761499688397617,65.58233278936015,98.91109101948639,346.5394745390313
1,101,1,1170000,120.0,23.128154668230003,56.440133863705384,98.90952323799017,352.66777149100113
1,101,1,1171000,120.0,16.516140907852126,52.285983908785504,98.90807084954827,354.99483025283973
1,101,1,1172000,120.0,22.910132835423635,59.19684440237253,98.90642649275931,350.0920127734727
1,101,1,1173000,120.0,21.30221131666778,57.57913024375632,98.90482707247476,348.7177714795507
1,101,1,1174000,119.8435171802512,17.30579071903631,55.090526991359326,98.90329678005833,355.6486611820061
1,101,1,1175000,117.9586057080845,14.95722657961896,69.72289268945856,98.90136003303917,347.36206300339495
1,101,1,1176000,117.25691801591756,10.186871541637105,73.30318469303124,98.89932383346436,350.0402129337382
1,101,1,1177000,113.0245259804291,21.748250236498468,56.465820182375474,98.8977553384593,350.35924454526383
1,101,1,1178000,112.77867691344223,12.175986143189725,69.50909258418275,98.89582453033196,352.69029524090485
1,101,1,1179000,110.30719914556494,20.47672099720654,64.22063806535958,98.89404062371904,350.7194779502536
1,101,1,1180000,107.5482258525255,18.682758919588753,52.05971861847493,98.89259452042408,349.0027322084231
1,101,1,1181000,107.9979612304092,23.39571387719098,82.68059249499179,98.89029783729923,348.0976312592241
1,101,1,1182000,111.4779669462707,18.48977250255068,93.30261965227358,98.88770609786444,349.3163563595077
1,101,1,1183000,113.77375846127649,18.35276106826454,52.655080631203376,98.8862434567358,347.9861452781097
1,101,1,1184000,109.84750695221854,23.659353521441478,51.99921520902042,98.8847990340911,350.0956506395694
1,101,1,1185000,107.3734366107927,21.675290145420586,51.2929254477879,98.88337423060644,348.871607640279
1,101,1,1186000,109.72536458076324,21.58077978591389,56.66006127811725,98.88180034001537,347.0119244134205
1,101,1,1187000,107.26914609691747,22.34633794904263,65.37995198196252,98.8799842302381,352.5102915767498
1,101,1,1188000,106.7075632219249,12.32213938396447,66.5078387535734,98.87813679027272,349.00465495314194
1,101,1,1189000,108.08269346948629,23.78394339993491,51.95822020666583,98.87669350637809,347.4637263900494
1,101,1,1190000,105.6618323323272,23.06234397006801,52.51530110060735,98.87523474801418,349.66348173102494
1,101,1,1191000,105.92527109769209,14.916584357117515,65.92995575087373,98.87340336035443,350.1367431319353
1,101,1,1192000,102.59020736039658,18.779597631628995,52.61285773997221,98.87194189208388,346.5070665488419
1,101,1,1193000,101.08678825051854,19.803463561861843,56.963873094999855,98.87035956227568,350.66329533425153
1,101,1,1194000,101.88624308587488,19.327516077991337,38.8111611902614,98.86928147446484,347.90568486261947
1,101,1,1195000,97.9037587520457,21.669299832842672,37.01723002504449,98.86825321807525,353.4220576183816
1,101,1,1196000,99.0049455969467,27.156833909155917,54.32927879664685,98.86674407144201,351.0479210241535
1,101,1,1197000,98.95585109963,25.408833638364143,64.21533196479862,98.86496031222077,349.2002000197814
1,101,1,1198000,100.33707598567287,13.438904032842968,66.9834425784745,98.86309966103804,348.5096644593653
1,101,1,1199000,100.89686132083452,23.110349951530242,62.980660698728045,98.86135019824084,349.79006458487277
1,101,1,1200000,104.30721239576913,26.64466659767705,80.8665333092193,98.85910390564892,351.2255814831666
1,101,1,1201000,104.62027365238889,21.934042603446013,53.52842294470802,98.85761700501158,349.9490117428296
1,101,1,1202000,103.54675979957575,25.454902125929834,46.32233786579073,98.8563302734042,349.5656823857263
1,101,1,1203000,103.85250355715647,30.061352228503825,68.55403176227699,98.85442599474413,350.1167405816358
1,101,1,1204000,105.21074862974744,25.118547730534907,58.037178275070005,98.85281385090316,348.7922821375261
1,101,1,1205000,105.3328988055617,21.246542978208645,54.7721079611503,98.8512924034598,349.3135881463139
1,101,1,1206000,105.4343780335714,25.225442370423767,49.58561263587067,98.84991502533101,345.82841512219
1,101,1,1207000,103.67939881405452,20.724439165484455,54.31001900190486,98.84840641369208,351.94745246170476
1,101,1,1208000,102.02214652017715,20.119515216424777,36.737939945566616,98.84738591536025,350.5975955606435
1,101,1,1209000,98.51563334067791,18.242928821431338,50.99736761183965,98.84596932181547,348.45308831193313
1,101,1,1210000,102.88957519864526,27.81706679416054,54.59426619399751,98.8444528144212,353.79746996271047
1,101,1,1211000,99.77991711016705,15.907856670289993,48.60825516322106,98.84310258511111,350.17403296078476
1,101,1,1212000,98.04765411567728,27.66183862339058,46.333588265387945,98.84181554099263,347.9277128560496
1,101,1,1213000,96.25163595175428,22.49932061870186,55.17957005895397,98.84028277515766,351.7134748429409
1,101,1,1214000,98.48894689411539,13.003469125990293,60.43682039510085,98.83860397459112,350.79609643301853
1,101,1,1215000,97.75157269838532,21.83824646495711,65.64477835552886,98.83678050852569,350.78915997096846
1,101,1,1216000,100.87092788006966,9.49986746174188,75.83614710960094,98.83467394888376,349.14848879069683
1,101,1,1217000,99.18720131945999,23.12754008415518,58.87683784253977,98.83303848116591,350.90099144755607
1,101,1,1218000,99.88468672501949,24.426157414944953,47.53351350704237,98.83171810579071,349.47648341955784
1,101,1,1219000,97.7963190918701,17.03822022173973,73.2600719168927,98.82968310379302,351.1118829032917
1,101,1,1220000,103.15919191130358,20.617738479777913,59.18442624186562,98.82803909195296,346.19011109197874
1,101,1,1221000,100.1901958637298,29.770787168751433,38.13531691029978,98.82697977759435,349.1322530740416
1,101,1,1222000,100.96474763929737,17.471266478690318,71.08814832284763,98.8250051068076,353.44431019561637
1,101,1,1223000,102.54918984162762,14.705462064716997,83.32065169274647,98.82269064426058,348.4658650891994
1,101,1,1224000,103.58368758525637,27.408317012312992,61.651619716859756,98.82097809926844,348.79232340501363
1,101,1,1225000,103.1204684380621,29.812935952653973,44.69321977418231,98.81973662094138,349.10407732310006
1,101,1,1226000,102.79591668872854,20.018478359239236,53.997469042008035,98.81823669124577,347.5703877282227
1,101,1,1227000,102.90544536867631,25.05731517704178,60.79681188705742,98.81654789091557,345.5834384475435
1,101,1,1228000,102.53794036460509,26.707379577654407,67.549392584617,98.81467151889933,349.5388272029528
1,101,1,1229000,104.94763815659236,16.28757883730808,108.96787449490171,98.8116446334967,350.2717188481633
1,101,1,1230000,110.47394566057073,17.57347082316066,83.97821185564868,98.80931190538959,349.89498986292267
1,101,1,1231000,109.08021619805115,26.154372565773674,46.68570081339601,98.808015080367,349.71024287610425
1,101,1,1232000,105.65570874910345,28.425071393542545,59.60571905310347,98.80635936594886,350.08608174170075
1,101,1,1233000,105.43500362822532,22.814404300871775,92.91715960993213,98.80377833373748,352.04568294310155
1,101,1,1234000,111.8842769723611,15.600928232489728,89.29849174178631,98.80129782007799,349.6191076281416
1,101,1,1235000,109.87509055243677,29.935305558497205,61.626579255069345,98.79958597065423,348.85183484582546
1,101,1,1236000,113.97288256604695,17.345145510940178,108.6727821882712,98.79656728226011,349.4377490302238
1,101,1,1237000,118.16713460123805,18.32431109414274,85.77484756701567,98.79418464760548,351.1586935195136
1,101,1,1238000,116.78316399696806,21.711689172448107,56.922342037675314,98.79260347143776,352.8240537570865
1,101,1,1239000,118.20562169493124,27.77080210357387,88.70832713762239,98.79013935123949,348.7437125216616
1,101,1,1240000,120.0,24.269879882761117,65.48772831998554,98.78832024767505,350.1978675740578
1,101,1,1241000,119.05218064753129,22.074327501809552,50.31660145897636,98.78692256430118,350.6767148838719
1,101,1,1242000,118.54322974727538,22.31644265059053,63.73195287229629,98.78515223227694,348.01484398654236
1,101,1,1243000,117.08902746240376,20.21757334321733,55.59505214242384,98.78360792527299,350.0408343344258
1,101,1,1244000,114.55213563567159,22.79069757259253,60.76951188542101,98.78191988327617,347.0686522853158
1,101,1,1245000,112.92894177300657,7.352199611528485,67.90863026904444,98.78003353243537,346.4618993925212
1,101,1,1246000,109.86909110610092,18.516962704651007,47.21895441333611,98.77872189481278,350.73349281578453
1,101,1,1247000,109.954299776749,21.206609674583905,55.79862371522734,98.77717193304291,349.23225051733846
1,101,1,1248000,108.0293666991024,14.244929581902465,77.99495887237823,98.77500540640756,350.40456081524246
1,101,1,1249000,108.61383147857927,21.9316165890578,56.771848031861936,98.7734284106289,349.9642100459833
1,101,1,1250000,104.7240923630702,18.97764389506939,52.074457416507784,98.77198189792288,348.0471999026724
1,101,1,1251000,105.55129294360634,28.77737849157745,78.36780087435471,98.76980501456526,349.9094913960713
1,101,1,1252000,107.63511534762866,27.865098626074282,54.87089999982988,98.7682808228986,347.5337973899703
1,101,1,1253000,102.65077624120002,17.670972154409185,52.37305927191398,98.76682601569661,352.7819447160028
1,101,1,1254000,103.58591766581895,19.245811442166524,74.14256842907344,98.76476649990691,347.28805931028006
1,101,1,1255000,106.65509014700218,19.630262171958037,54.80977085838806,98.76324400627196,349.60842945806286
1,101,1,1256000,103.63098760027417,17.741702619201888,65.02971380143181,98.76143762533303,347.9154568239055
1,101,1,1257000,107.81241856736843,20.975124920140633,86.03824915172143,98.7590476739677,351.14084234672157
1,101,1,1258000,108.85996609078354,16.20858965556205,61.552462151626514,98.75733788335238,349.337137257437
1,101,1,1259000,107.09743645138752,14.346923325312368,63.70822572596176,98.75556821041555,348.96266656075755
1,101,1,1260000,106.95801375724326,23.113556119501343,57.76512173176258,98.75396362370077,351.7064030901031
1,101,1,1261000,108.35383103854757,23.147647921109055,70.17778951384258,98.75201424065872,350.0588611833551
1,101,1,1262000,108.5438445170786,15.978421201700037,63.51089177184067,98.75025004922061,351.03328889187196
1,101,1,1263000,109.89073449819452,24.476777153812996,58.7429416865278,98.74861830084043,348.03734812696507
1,101,1,1264000,107.5890505154961,16.842111354173344,52.33573209645536,98.74716453050442,347.190366112145
1,101,1,1265000,108.0124525755863,21.265826190189905,53.70709557014363,98.74567266673859,350.21441592408024
1,101,1,1266000,104.47816633332384,24.10172006306228,54.706884188333376,98.74415303106669,349.3623072890105
1,101,1,1267000,104.20010117995209,19.831937176481436,53.55453587792607,98.74266540507008,351.2528693449079
1,101,1,1268000,101.9403320762901,22.27370456070567,40.992507135886356,98.74152672431632,349.8401830946749
1,101,1,1269000,100.10150721981569,17.417851780562142,53.13486880910028,98.74005075573828,350.4101506784693
1,101,1,1270000,103.19174015784178,19.017667082859514,96.64922722170661,98.73736605498212,346.7532349401175
1,101,1,1271000,105.92001545932744,18.970702845598296,81.82099564455602,98.73509324954755,353.7768738792285
1,101,1,1272000,107.44286076159538,16.267108267298806,51.10277386694058,98.73367372805124,349.67151602993596
1,101,1,1273000,104.71207884991394,19.11612918442109,45.5631693486696,98.73240808445823,351.3951739406784
1,101,1,1274000,103.92105772567693,12.256908505681267,74.55524275534229,98.73033710549281,348.32781665956077
1,101,1,1275000,106.95380197562488,17.544231264289476,66.8889948300007,98.72847907785864,350.6160198044347
1,101,1,1276000,107.30809425972464,18.575622533151645,95.8741444672851,98.72581590717898,347.3943104729505
1,101,1,1277000,113.10641810967887,18.7191012375231,100.6555937105464,98.7230199184648,350.90413567651933
1,101,1,1278000,114.0897127081648,18.792512770646105,62.37453766103785,98.72128729241867,349.28805183122836
1,101,1,1279000,114.56983549938988,19.691179000699357,56.94430062385518,98.71970550629023,350.05838100787116
1,101,1,1280000,113.79704433888362,22.39720759043032,58.7183753237055,98.71807444030901,351.3959480602602
1,101,1,1281000,114.13089660083934,24.372585370662613,67.5314379614694,98.71619856703231,347.53491937755945
1,101,1,1282000,113.74972200988798,16.751173865758666,58.961951551364834,98.71456073504477,348.6310165387744
1,101,1,1283000,115.51999370160945,13.983995723054278,110.95184484500156,98.71147873935463,350.9146485621735
1,101,1,1284000,117.9117494935959,14.789777938784486,80.14217690155284,98.70925256777403,354.19644294909347
1,101,1,1285000,115.94677584232603,17.563985394025366,54.07792422427951,98.70775040321224,349.72383533067705
1,101,1,1286000,112.6186934584316,18.240393410917456,57.325526502145955,98.70615802747608,351.18227223584785
1,101,1,1287000,108.02818002567335,16.150019669012714,51.7259237661486,98.70472119626035,349.78605706028304
1,101,1,1288000,109.29815834295471,13.519416678750527,66.69302648828526,98.70286861219124,353.8844911895126
1,101,1,1289000,106.53974182752002,17.71939586262906,60.81552598078276,98.7011792920251,346.5055566660695
1,101,1,1290000,101.1575153451388,20.907133100569858,53.606788835725965,98.69969021455745,350.18924208933873
1,101,1,1291000,102.12896185646622,22.975147329177823,103.63492074516003,98.69681146675897,346.7489119328759
1,101,1,1292000,108.3614606500482,17.212884734458395,95.20502757755816,98.6941668826596,344.98685685892656
1,101,1,1293000,108.34628337119847,17.93501088928283,61.204592092084255,98.69246675510149,350.5949241062356
1,101,1,1294000,110.44251030732757,15.366508455763446,70.1566941877535,98.69051795804072,350.2789955922949
1,101,1,1295000,110.64708370369648,19.842804148126117,61.356582626167814,98.68881360852332,349.4303261245156
1,101,1,1296000,110.39985957071862,15.757856829045927,61.80344518638026,98.68709684615703,349.78761181992047
1,101,1,1297000,112.69755077818805,22.865639066206,61.990028874584155,98.68537490091052,356.19659886814253
1,101,1,1298000,111.97186441771642,11.070667540329444,67.94072506803425,98.68348765854752,349.4836497239371
1,101,1,1299000,112.64034520289617,18.20185163773769,61.6241577096409,98.68177587638893,351.0202487225001
1,101,1,1300000,113.44458971838621,21.50553669595871,52.759677623617044,98.68031032978827,348.70127036077224
1,101,1,1301000,111.77436358427859,20.91917258161252,59.393353742760134,98.67866051440653,350.59046515008123
1,101,1,1302000,114.2544694581199,33.46516831990248,74.48460938937856,98.67659149747905,349.52353264988875
1,101,1,1303000,113.81707006638138,21.749000122839536,52.037925802108845,98.6751459995401,349.1789630345405
1,101,1,1304000,111.92770716764926,14.979727015789948,71.3771918013134,98.67316329976785,353.6377970644007
1,101,1,1305000,113.26898177657527,19.522678764554634,50.09764197713282,98.67177169860182,352.3543699263687
1,101,1,1306000,111.02281182209768,11.118768332667742,57.02645428628958,98.6701876304272,350.27349329479847
1,101,1,1307000,111.0932647155205,19.597001253516197,52.72744775045412,98.66872297910079,345.3915761281121
1,101,1,1308000,111.07046722391,15.834719714996208,77.88904878400729,98.66655939441235,349.27798155349484
1,101,1,1309000,113.78520613848895,24.57695137780081,83.00163636800183,98.66425379340212,355.4060551288102
1,101,1,1310000,114.97195172068882,17.252298627022327,62.96986342349559,98.66250463052926,349.53867666672056
1,101,1,1311000,114.90938432382596,19.416170421023768,71.43932192128169,98.66052020492033,352.20643514410733
1,101,1,1312000,116.95380007182668,16.822210792977984,85.09986062282368,98.65815631990303,352.8838848039052
1,101,1,1313000,120.0,28.694256759266658,83.62769443674546,98.6558333283909,350.43792783171193
1,101,1,1314000,120.0,18.39378616941044,61.91717515701822,98.65411340685876,348.3163567362637
1,101,1,1315000,120.0,29.162785217396006,57.953457629521395,98.65250358859127,345.12937533643424
1,101,1,1316000,116.7204094191246,24.070758810591332,63.38982726854439,98.65074276005603,351.36832641721793
1,101,1,1317000,114.05762526143617,22.41033363667693,51.391332135952894,98.64931522305226,348.3704879943529
1,101,1,1318000,113.2945635005495,21.8436657365876,62.28682671654259,98.64758503342124,350.35230090377536
1,101,1,1319000,111.7707829951513,21.968986491081257,56.6578598255519,98.64601120398164,347.50035932082125
1,101,1,1320000,111.30335473768768,10.36163710327195,64.76269730334356,98.64421224016766,349.4695249190596
1,101,1,1321000,111.44497954993045,18.60558302924622,65.80268200183619,98.64238438788983,350.0674381098021
1,101,1,1322000,112.76921143582229,24.225789855921608,63.820399532912745,98.64061159901392,350.53718716208857
1,101,1,1323000,112.59296449067456,19.75551408262947,69.62016870254938,98.63867770543885,347.77035562529517
1,101,1,1324000,113.80921860024007,12.974050765982124,73.30412428357475,98.63664147976431,352.3938218975227
1,101,1,1325000,113.97040463726537,19.73797774711265,53.172606122899694,98.63516446292756,348.80621043053605
1,101,1,1326000,109.03173822138069,28.520527581277456,59.69738357105275,98.63350620227281,346.6510610790935
1,101,1,1327000,106.6833997368338,26.234458577673596,50.36402519249761,98.63210720157302,349.78195316007304
1,101,1,1328000,106.32318084752977,19.689979953169843,57.664255810422844,98.6305054166894,350.06875061805295
1,101,1,1329000,103.298943990427,24.757246385290433,60.14665191025705,98.62883467635857,350.32117886634353
1,101,1,1330000,104.79876581541751,18.16746489815974,87.38137239695722,98.6264074160142,352.72426480737016
1,101,1,1331000,108.62564289627676,11.480642065866405,126.54507394807234,98.6228922750712,349.5271023265283
1,101,1,1332000,111.67254752552005,15.377670059352228,67.52126688326743,98.62101668432443,349.76076075126247
1,101,1,1333000,111.13894034819452,27.81444384254099,81.51819336443185,98.61875229006431,347.7936312375338
1,101,1,1334000,114.8657556903194,18.63003459085348,86.8916921162752,98.61633863194997,351.6411070057758
1,101,1,1335000,115.23742433332468,18.78308010312491,59.983903577463416,98.61467241240615,350.3686181281562
1,101,1,1336000,114.39470940552958,18.500809018625596,53.969494342587815,98.61317325978553,349.1599445454117
1,101,1,1337000,112.86120274667724,29.520682947865033,48.125184295502756,98.61183644911065,346.19065061306907
1,101,1,1338000,112.10502853045692,28.129794576810315,58.568774588975984,98.6102095387054,352.8888243901102
1,101,1,1339000,111.13458648410385,31.09390116724067,55.250277479654656,98.60867480877542,347.5446400710879
1,101,1,1340000,111.56062704004256,19.204773947999744,59.93991875716532,98.60700981103217,348.81744398126057
1,101,1,1341000,111.96206199266722,21.478122443735476,63.527565349323666,98.60524515643914,350.716689022152
1,101,1,1342000,111.96967704305075,12.416787252896045,77.49952993064707,98.60309239171885,347.6068841427666
1,101,1,1343000,113.06202246741663,27.384672130591373,94.5293988419055,98.60046657508435,347.0129804434937
1,101,1,1344000,116.03863815438248,14.161102243660325,120.3613463545299,98.59712320435229,345.7521048345987
1,101,1,1345000,118.4125234929858,21.083877818813146,55.936769804865015,98.59556940519104,351.4419939058113
1,101,1,1346000,114.70027857186103,14.513487361835779,68.98404742222526,98.59365318165153,348.90962751054735
1,101,1,1347000,108.31547573460615,17.05566586630652,53.9208843545809,98.59215537930835,355.85454018494664
1,101,1,1348000,110.65127551270433,15.813687844751499,47.41475393962153,98.59083830281003,348.01128986873823
1,101,1,1349000,107.23407876666577,16.96062369662091,48.91504480091112,98.58947955156556,348.15709795314217
1,101,1,1350000,106.67216526193407,17.304386484255108,50.532278096067735,98.588075877174,348.86921405942917
1,101,1,1351000,103.74688269678568,17.258656025374613,41.69233883411316,98.58691775665083,350.48626931027695
1,101,1,1352000,99.24193160283562,24.166669558901535,49.85843314267603,98.58553280017465,349.05959332242935
1,101,1,1353000,100.59558842334759,14.4756860346874,85.95912799666188,98.58314504661918,351.22466442800504
1,101,1,1354000,102.49347632410421,21.102707135069334,46.053184620354045,98.58186579149084,348.0428232200227
1,101,1,1355000,101.0522003222874,26.089795761527792,52.54716448753036,98.58040614803285,347.23681656307286
1,101,1,1356000,94.57459459192513,17.43401817743302,50.866661019417364,98.57899318522675,346.4035705211818
1,101,1,1357000,93.20898347129393,16.41040554626199,47.73966412997141,98.57766708344536,345.5528516641256
1,101,1,1358000,94.1884934848003,18.847376874098746,45.4739058663553,98.57640391939351,348.9638619610499
1,101,1,1359000,90.49121456286498,25.898626041803553,48.202818040191765,98.57506495222573,349.39803937521356
1,101,1,1360000,90.94961436231287,20.97053815476679,51.79344493156349,98.57362624542208,348.73712594503365
1,101,1,1361000,90.91133973938038,17.343928526962006,56.784035815998585,98.57204891109386,352.48681159437433
1,101,1,1362000,92.3595684883831,22.419383255940197,54.18991514506016,98.57054363567316,352.45606041921627
1,101,1,1363000,92.65851940941849,14.488539250817883,57.254716238718174,98.56895322688875,349.330394025111
1,101,1,1364000,90.2258470572146,23.40679755221474,54.9705795741051,98.56742626634502,346.41215777361606
1,101,1,1365000,93.21727581137583,22.043036538508836,61.64705387369737,98.56571384818187,348.8665897838899
1,101,1,1366000,92.8209518788084,18.46095764430558,56.900172635066355,98.5641332878309,348.80035721216586
1,101,1,1367000,92.75269053003358,15.807071007763845,43.748190595089866,98.56291806031437,348.68573007544387
1,101,1,1368000,90.41952063235058,15.566595388582714,45.37179538287597,98.56165773266486,348.6045621922035
1,101,1,1369000,89.3113150043718,22.674086681729552,41.29322952215422,98.56051069851146,348.6930742085504
1,101,1,1370000,87.09930821930456,26.14490251244531,44.66600828925358,98.55926997605899,349.2269167682045
1,101,1,1371000,86.666943069496,16.813461264856027,61.33698842259457,98.55756617082503,348.72891780236887
1,101,1,1372000,90.94621426985186,22.29193351775742,48.64233107853309,98.55621499496173,350.4166450172512
1,101,1,1373000,87.51646141252347,9.564864906989657,45.957149645422675,98.55493840747158,350.7207374318097
1,101,1,1374000,83.48255791783161,17.076911346714002,42.41797069837726,98.55376013050774,348.178709825635
1,101,1,1375000,87.16048373656564,19.84470533564549,70.45953864759373,98.55180292110086,352.54213065201407
1,101,1,1376000,86.63717454368597,15.451582915090832,46.54861820741574,98.55050990392843,348.0398753963188
1,101,1,1377000,84.96449269703618,15.31746812605202,37.0620042097819,98.54948040381149,346.7643987723693
1,101,1,1378000,87.56425441552636,16.661102217655568,61.53221761926389,98.54777117554428,350.7615561427301
1,101,1,1379000,86.0502155661842,21.460963641631867,65.68890633706582,98.54594648370158,348.3651837311713
1,101,1,1380000,90.61523985005155,19.063354907968126,84.89622812683515,98.54358825514251,350.6425829415148
1,101,1,1381000,92.31005452839972,8.808843833375139,60.28743488085137,98.5419136041736,345.19266279779896
1,101,1,1382000,91.09027600803546,9.396499236824669,90.49040464649993,98.53939998182231,352.7849118829661
1,101,1,1383000,96.48354654119922,16.965674110714122,71.84491319733775,98.53740428978905,351.3445868160808
1,101,1,1384000,94.96925923369088,22.28843293026776,50.84192908213167,98.53599201398121,346.999046901674
1,101,1,1385000,96.82449766371414,6.262475786373827,76.14544721450237,98.5338768626697,347.0424457523074
1,101,1,1386000,97.57272911473036,17.501349119241848,74.56028150025685,98.53180574373914,353.34453180819503
1,101,1,1387000,100.82708233822736,17.368760717412894,96.69139004113082,98.52911987179355,348.5252401930041
1,101,1,1388000,104.7308603300445,26.94168889104224,72.86727069189033,98.527095780941,348.33163030253473
1,101,1,1389000,104.81087070270891,18.074890941435683,53.13461770243138,98.52561981933815,345.46789581170145
1,101,1,1390000,102.92732602684345,21.914944923704642,54.390160196003414,98.52410898155492,349.2984435887969
1,101,1,1391000,104.07725638419123,20.706285700437316,54.613046172477475,98.52259195249457,349.5445607703285
1,101,1,1392000,102.38296795981097,9.347167600963997,94.17582974533379,98.51997595722386,351.43098619353896
1,101,1,1393000,107.41643607862753,23.841036083158688,92.65496385691176,98.51740220822784,347.20184314363104
1,101,1,1394000,107.75777440633438,21.07698252728144,51.21525971208267,98.51597956212473,346.9594264155188
1,101,1,1395000,106.8444705280541,22.54134319837295,57.620554586183,98.514378991164,350.901925269553
1,101,1,1396000,107.30617129271637,39.63118853218163,56.86549794714851,98.51279939399879,352.0134601424541
1,101,1,1397000,103.93835556889213,9.579435302507058,56.958985046260395,98.51121719996972,346.8576952977642
1,101,1,1398000,101.5093204726155,28.62348324880554,49.905879834638945,98.50983092552987,352.16302817259947
1,101,1,1399000,104.51035524247656,18.56276240299822,67.09156258660549,98.50796727101357,350.0750836829736
1,101,1,1400000,102.86811954504807,21.436644522015047,56.14800234322441,98.50640760428182,352.1836106781493
1,101,1,1401000,100.25084208834322,19.77243877349379,52.56194722939659,98.50494755019211,349.8595592769648
1,101,1,1402000,101.59247396966144,17.878818333009782,86.05791594960989,98.50255705252685,344.9554441650241
1,101,1,1403000,104.55673435631893,17.150835358806205,80.94892315026728,98.50030847132824,349.69606523536794
1,101,1,1404000,106.3541176329816,21.647543677865045,84.69435727119297,98.49795585029293,352.1202876373425
1,101,1,1405000,108.84423684749613,12.414131516641604,69.53992464728944,98.49602418571939,348.21250796183256
1,101,1,1406000,106.95224912607249,23.75289583760883,57.710535082460815,98.49442111530044,349.2240700621851
1,101,1,1407000,103.39772245921787,17.91902797557373,52.5033474490292,98.49296268898242,349.64773299289806
1,101,1,1408000,107.15105658910659,14.349653304798212,86.53626439619829,98.4905589038603,344.200972240263
1,101,1,1409000,106.34435699200125,17.74993571002093,55.876721088805574,98.48900677271895,353.34269515087493
1,101,1,1410000,105.71727445086363,26.285746084312862,75.94366926614508,98.48689722635045,348.19724864020566
1,101,1,1411000,109.03775980548627,17.323324564918885,83.89285099881678,98.48456686937826,351.0114708649456
1,101,1,1412000,110.42833482898793,21.7922680910481,72.48027831957708,98.48255352831383,349.8265977277036
1,101,1,1413000,111.56805425919195,16.34521862142263,95.99338849233729,98.47988704530016,352.51523811271875
1,101,1,1414000,116.98056012144467,23.7896092496181,72.41462973924627,98.4778755278074,350.81211224485617
1,101,1,1415000,115.37176454549432,23.42753869395102,63.6243244871265,98.47610818546053,349.53015145695804
1,101,1,1416000,117.69136486569741,29.243044166482058,78.9883559672177,98.47391406446144,348.2129698149614
1,101,1,1417000,117.83389767794012,19.122180272503922,65.88015447746514,98.4720840601704,351.5957014027643
1,101,1,1418000,118.50537837509826,23.343274023789533,64.54725783530428,98.47029108078608,346.25311739209076
1,101,1,1419000,120.0,20.490337697694724,68.62506968921305,98.46838482885028,351.2917808405518
1,101,1,1420000,120.0,26.47935890931507,48.908261199744594,98.46702626603917,347.80191049689023
1,101,1,1421000,120.0,16.40583806195635,66.84850553827093,98.46516936310755,352.5045673239133
1,101,1,1422000,120.0,23.725026564386404,54.56972708940957,98.46365353735507,350.3225990853254
1,101,1,1423000,119.08761817614278,19.026513519416593,65.82082713537088,98.46182518104575,351.28824753570024
1,101,1,1424000,116.98959400779526,19.679059114457512,63.224145222318356,98.46006895478958,350.16397762764944
1,101,1,1425000,114.37757102274267,20.458762422241865,52.685833748691024,98.45860545940766,346.495245809718
1,101,1,1426000,109.46167954930267,21.261201982133386,50.6268202364432,98.45719915884554,348.2785416732093
1,101,1,1427000,114.60219737415348,19.41885478439021,75.59806720335976,98.45509921253434,351.34477867522276
1,101,1,1428000,111.84417645984927,21.073565915852633,51.70046804400928,98.453663088422,350.3333116347197
1,101,1,1429000,111.29104240088483,27.890590287810923,56.15794441123345,98.45210314552169,352.36197981061133
1,101,1,1430000,110.59900915116253,24.92724842807609,53.416502002105396,98.45061935379941,350.80654912607434
1,101,1,1431000,111.36752589568529,24.34577296248448,66.27699709684083,98.44877832610227,348.06659621859467
1,101,1,1432000,113.40686892703353,17.722302369880648,74.65197459183618,98.44670466014139,348.40787172455873
1,101,1,1433000,115.5580526479329,15.55379585885838,63.72835120864098,98.44493442816338,350.20583478104646
1,101,1,1434000,114.10035905151055,24.776502791188765,54.24239079410215,98.44342769508576,345.3719118679998
1,101,1,1435000,113.68255476704452,24.380233962648973,56.08031157502601,98.44186990865312,353.346883771246
1,101,1,1436000,114.38900464326527,27.36335337875491,61.26216916128126,98.44016818173198,350.8834934727551
1,101,1,1437000,113.7672768278064,16.98009687015385,86.33860066228148,98.43776988726914,352.45406919409777
1,101,1,1438000,117.78564076785638,18.852256723198266,93.95927260451923,98.43515990747457,346.83879211838166
1,101,1,1439000,119.01307814695201,11.80257918737283,87.81724824790888,98.43272053946768,352.4891303207105
1,101,1,1440000,120.0,18.037644469695636,69.35433914506933,98.43079403004698,354.4629978220555
1,101,1,1441000,120.0,24.982852552897235,53.21532215150212,98.42931582665389,347.35824328924537
1,101,1,1442000,120.0,17.66752310385901,61.11576527373848,98.4276181665074,351.54280358980753
1,101,1,1443000,120.0,23.20239897600412,62.75942985911077,98.42587484901131,350.0022198893746
1,101,1,1444000,116.75792013011038,19.047484470010943,61.780111107143334,98.42415873481389,346.9111323035035
1,101,1,1445000,117.75714000949198,21.620285141107804,49.19480649223367,98.42279221241132,350.98576794370376
1,101,1,1446000,116.1287477750124,14.261543050921663,65.1091170461538,98.42098362582671,351.6672064096747
1,101,1,1447000,114.807206070638,20.426047248169507,54.01484470532203,98.41948321347378,348.7977468946623
1,101,1,1448000,116.27311611752573,5.044320145496384,108.3766724425692,98.41647275035038,352.33183304051045
1,101,1,1449000,119.36882379610982,19.065519209190075,83.95540299428545,98.41414065582276,346.6664731864216
1,101,1,1450000,119.42200273794998,11.8476337814243,85.89326578653069,98.41175473177314,347.0104877071007
1,101,1,1451000,120.0,26.029972582734082,61.53904247350699,98.41004531392666,350.2731947911775
1,101,1,1452000,120.0,23.887036763822557,57.51213750845393,98.40844775455142,350.05077055594455
1,101,1,1453000,120.0,22.333354909830405,65.74836009439373,98.40662141121547,348.5668530231518
1,101,1,1454000,120.0,27.6050311357969,61.482884692651524,98.40491355330734,351.6191888719438
1,101,1,1455000,120.0,15.255417395875813,66.33825755593986,98.40307082393079,351.0617886284319
1,101,1,1456000,115.59809310211045,28.736815989577792,59.24268656610441,98.4014251937484,351.71627814186803
1,101,1,1457000,117.48144715487179,24.660957821301924,72.65132114337142,98.39940710149442,349.75372712929544
1,101,1,1458000,118.43434311707873,18.81722356390527,70.0414800980407,98.39746150482503,351.2051605359567
1,101,1,1459000,120.0,25.67810073591472,63.115055997214206,98.3957083088251,349.10869939394
1,101,1,1460000,120.0,14.468532437941828,75.97231100855083,98.39359796685265,354.1076373801732
1,101,1,1461000,119.65386004004057,15.877429192361632,65.76991413545532,98.39177102479333,348.37490845975606
1,101,1,1462000,116.59311444931716,16.9570513838015,67.54336793159048,98.38989482012856,354.21059485891664
1,101,1,1463000,116.07055630610209,17.355111459679925,62.25080481466725,98.38816563110593,350.0697758941788
1,101,1,1464000,113.94425517057884,14.717211786198735,75.34358456755722,98.38607275375684,347.2489782208625
1,101,1,1465000,112.49294654606703,26.115415335476627,53.48623457184645,98.38458702501873,352.7361587009772
1,101,1,1466000,113.96439255711856,18.70572799815084,90.40988991657636,98.38207563918772,350.25180277678993
1,101,1,1467000,118.13915381799707,21.762524841784398,99.16330749772499,98.37932110286833,351.7022481967605
1,101,1,1468000,119.12583264255453,17.148243167931597,61.651320082474264,98.37760856619937,352.4477118370852
1,101,1,1469000,116.13612498746657,10.896983497257414,70.32634123852529,98.37565505672052,350.67591110829005
1,101,1,1470000,117.24763165801693,21.35028679195711,87.39313859698888,98.37322746953727,348.8155183103744
1,101,1,1471000,120.0,10.438725122901115,84.17170523795436,98.370889366614,351.9514267553385
1,101,1,1472000,118.47554273920154,19.656829769572656,65.65685566886857,98.36906556506764,350.00151101490917
1,101,1,1473000,118.14049982251925,13.158424805835947,78.65421340241328,98.36688072580647,351.3717156372168
1,101,1,1474000,118.17722030934223,29.936379996154038,61.80971191637285,98.36516378936435,345.6925388524171
1,101,1,1475000,116.21497452663664,24.556813610873608,62.33650162613296,98.36343221987472,350.8939634340197
1,101,1,1476000,117.83567561124629,20.528768956357403,70.64322496420668,98.36146990807016,348.7228283497099
1,101,1,1477000,117.53330523972683,26.318533388273345,61.64455908641336,98.35975755920666,353.30661927435705
1,101,1,1478000,118.5821363494944,15.768420112671322,63.073891549312904,98.35800550666362,351.24617469577817
1,101,1,1479000,116.36340590498915,22.717396893350465,51.20922760819827,98.35658302811895,350.4797154916986
1,101,1,1480000,115.26976015418063,20.99905216859357,67.85091869802048,98.35469828037733,350.97261998670047
1,101,1,1481000,117.07571354875006,21.32010040666835,58.63378731401716,98.35306956406306,348.0031182942466
1,101,1,1482000,116.14363066852064,26.361767500533837,79.8083765685808,98.35085266471394,353.2465133810561
1,101,1,1483000,120.0,23.66246051389901,75.61644456511128,98.34875220792047,353.9827408368338
1,101,1,1484000,119.0009095359635,21.443618314125118,62.26739968335389,98.34702255792926,350.78582702109645
1,101,1,1485000,119.56262135034322,11.725562818858519,79.8597753216093,98.344804230837,353.18080713714727
1,101,1,1486000,120.0,15.199768523602682,52.026220209183336,98.34335905805341,348.8617036026549
1,101,1,1487000,116.45408566766741,19.38645533202138,60.3305409889261,98.3416832096926,348.40577286755
1,101,1,1488000,112.05206363771548,20.466861871383255,53.13642793469418,98.34020719780553,350.0818494974578
1,101,1,1489000,108.23792285129024,14.34898137663038,70.22963403565436,98.33825637463787,350.8698820767358
1,101,1,1490000,111.3943831098582,32.058383377892106,78.04281231691255,98.33608851874017,349.21202663751376
1,101,1,1491000,110.01473774512708,27.581970276267864,91.81678525394477,98.33353805248312,351.075536380737
1,101,1,1492000,116.41023595929771,23.010591601962417,88.0344899929558,98.33109264998332,350.61277896414686
1,101,1,1493000,114.99961696265423,20.360184306418724,54.553147324190306,98.32957728477987,348.0033864494179
1,101,1,1494000,115.46099522064682,18.93895515049424,85.41406234240327,98.32720467193703,351.0375860349034
1,101,1,1495000,119.31627010206651,15.240407699888822,95.46251397553199,98.32455293543771,351.727056485043
1,101,1,1496000,120.0,20.387402592594313,73.13500973023224,98.32252140738964,350.34293863518076
1,101,1,1497000,120.0,21.288762700713754,55.97414124128562,98.32096657013294,352.3052962065234
1,101,1,1498000,120.0,13.791197122591878,78.46108886794607,98.31878709544216,347.5651924130061
1,101,1,1499000,120.0,21.670882086224488,49.15161291137149,98.3174217728613,350.9359008442637
